{
"type": "FeatureCollection",
"name": "migration",
"crs": { "type": "name", "properties": { "name": "urn:ogc:def:crs:OGC:1.3:CRS84" } },
"features": [
{"type":"Feature","properties":{"OID_":0,"起点经":112.435009,"起点纬":23.637856,"起点年":"民国","终点经":113.006943,"终点纬":24.735364,"Shape_Leng":1.2375685279299999},"geometry":{"type":"LineString","coordinates":[[105.000883374479145,0.000244417033114],[105.00088786783563,0.00025576541266]]}},
{"type":"Feature","properties":{"OID_":0,"起点经":112.435009,"起点纬":23.637856,"起点年":"民国","终点经":113.0070008,"终点纬":24.7348391,"Shape_Leng":1.2370827010300001},"geometry":{"type":"LineString","coordinates":[[105.000883374479145,0.000244417033114],[105.000887868621263,0.000255759208497]]}},
{"type":"Feature","properties":{"OID_":0,"起点经":113.26246,"起点纬":25.041112,"起点年":"现代","终点经":113.268305,"终点纬":25.064086,"Shape_Leng":0.0237200340937},"geometry":{"type":"LineString","coordinates":[[105.000889876044425,0.000258926405454],[105.00088992161524,0.000259164230816]]}},
{"type":"Feature","properties":{"OID_":0,"起点经":113.2633198,"起点纬":25.0285171,"起点年":"清","终点经":113.261744,"终点纬":25.030072,"Shape_Leng":0.0022627424658200001},"geometry":{"type":"LineString","coordinates":[[105.000889882328963,0.000258796118141],[105.000889869758254,0.0002588126627]]}},
{"type":"Feature","properties":{"OID_":0,"起点经":112.435009,"起点纬":23.637856,"起点年":"民国","终点经":112.992553,"终点纬":24.749642,"Shape_Leng":1.2437019946600001},"geometry":{"type":"LineString","coordinates":[[105.000883374479145,0.000244417033114],[105.000887755484996,0.000255912245631]]}},
{"type":"Feature","properties":{"OID_":0,"起点经":113.261744,"起点纬":25.030072,"起点年":"清","终点经":113.265552,"终点纬":25.033319,"Shape_Leng":0.0050447985968899997},"geometry":{"type":"LineString","coordinates":[[105.000889869758254,0.0002588126627],[105.000889900399827,0.000258845751175]]}},
{"type":"Feature","properties":{"OID_":0,"起点经":113.244924,"起点纬":25.001284,"起点年":"明","终点经":113.254166,"终点纬":25.018154,"Shape_Leng":0.019289894334899998},"geometry":{"type":"LineString","coordinates":[[105.000889737762691,0.000258514864873],[105.000889810831737,0.000258689614334]]}},
{"type":"Feature","properties":{"OID_":0,"起点经":113.26246,"起点纬":25.041112,"起点年":"现代","终点经":113.264887,"终点纬":25.067602,"Shape_Leng":0.0266084569588},"geometry":{"type":"LineString","coordinates":[[105.000889876044425,0.000258926405454],[105.0008898949025,0.000259200422015]]}},
{"type":"Feature","properties":{"OID_":0,"起点经":113.305814,"起点纬":24.997704,"起点年":"清","终点经":113.328735,"终点纬":25.009911,"Shape_Leng":0.0259470615693},"geometry":{"type":"LineString","coordinates":[[105.000890216238986,0.000258477634316],[105.000890396159591,0.00025860378331]]}},
{"type":"Feature","properties":{"OID_":0,"起点经":113.305378,"起点纬":24.992293,"起点年":"清","终点经":113.328735,"终点纬":25.009911,"Shape_Leng":0.0292001708039},"geometry":{"type":"LineString","coordinates":[[105.0008902130959,0.000258421796964],[105.000890396159591,0.00025860378331]]}},
{"type":"Feature","properties":{"OID_":0,"起点经":113.305378,"起点纬":24.992293,"起点年":"现代","终点经":113.3054448,"终点纬":25.0163251,"Shape_Leng":0.024000000208599999},"geometry":{"type":"LineString","coordinates":[[105.0008902130959,0.000258421796964],[105.000890213097591,0.000258669963111]]}},
{"type":"Feature","properties":{"OID_":0,"起点经":113.305378,"起点纬":24.992293,"起点年":"现代","终点经":113.305383,"终点纬":25.021542,"Shape_Leng":0.029199999757100002},"geometry":{"type":"LineString","coordinates":[[105.0008902130959,0.000258421796964],[105.000890213097961,0.000258723732435]]}},
{"type":"Feature","properties":{"OID_":0,"起点经":113.267553,"起点纬":24.95638,"起点年":"现代","终点经":113.215532,"终点纬":24.99525,"Shape_Leng":0.065020149979599998},"geometry":{"type":"LineString","coordinates":[[105.000889916107923,0.00025805058526],[105.000889506773589,0.000258452826055]]}},
{"type":"Feature","properties":{"OID_":0,"起点经":113.257495,"起点纬":24.902029,"起点年":"清","终点经":113.270885,"终点纬":24.952224,"Shape_Leng":0.0519576753682},"geometry":{"type":"LineString","coordinates":[[105.000889836750844,0.000257488076217],[105.000889942034945,0.000258007155867]]}},
{"type":"Feature","properties":{"OID_":0,"起点经":113.270885,"起点纬":24.952224,"起点年":"民国","终点经":113.255451,"终点纬":24.956554,"Shape_Leng":0.016016241669600001},"geometry":{"type":"LineString","coordinates":[[105.000889942034945,0.000258007155867],[105.00088982104117,0.00025805265442]]}},
{"type":"Feature","properties":{"OID_":0,"起点经":113.245744,"起点纬":24.931886,"起点年":"清","终点经":113.255451,"终点纬":24.956554,"Shape_Leng":0.026573106016099999},"geometry":{"type":"LineString","coordinates":[[105.000889744043221,0.00025779725099],[105.00088982104117,0.00025805265442]]}},
{"type":"Feature","properties":{"OID_":0,"起点经":113.245744,"起点纬":24.931886,"起点年":"清","终点经":113.255451,"终点纬":24.956554,"Shape_Leng":0.026573106016099999},"geometry":{"type":"LineString","coordinates":[[105.000889744043221,0.00025779725099],[105.00088982104117,0.00025805265442]]}},
{"type":"Feature","properties":{"OID_":0,"起点经":113.346377,"起点纬":24.884069,"起点年":"清","终点经":113.2773838,"终点纬":24.9453191,"Shape_Leng":0.092230364869000006},"geometry":{"type":"LineString","coordinates":[[105.000890535215362,0.000257302977393],[105.000889993103371,0.000257935807498]]}},
{"type":"Feature","properties":{"OID_":0,"起点经":113.270909,"起点纬":24.935553,"起点年":"清","终点经":113.270855,"终点纬":24.957976,"Shape_Leng":0.022399999201300001},"geometry":{"type":"LineString","coordinates":[[105.000889942033766,0.000257835507622],[105.000889942035343,0.000258067129353]]}},
{"type":"Feature","properties":{"OID_":0,"起点经":113.257495,"起点纬":24.902029,"起点年":"明","终点经":113.267553,"终点纬":24.95638,"Shape_Leng":0.055329648193300003},"geometry":{"type":"LineString","coordinates":[[105.000889836750844,0.000257488076217],[105.000889916107923,0.00025805058526]]}},
{"type":"Feature","properties":{"OID_":0,"起点经":113.257495,"起点纬":24.902029,"起点年":"清","终点经":113.282505,"终点纬":24.955585,"Shape_Leng":0.059143553738499999},"geometry":{"type":"LineString","coordinates":[[105.000889836750844,0.000257488076217],[105.000890033173562,0.000258042311682]]}},
{"type":"Feature","properties":{"OID_":0,"起点经":113.288421,"起点纬":24.916369,"起点年":"明","终点经":113.286634,"终点纬":24.962444,"Shape_Leng":0.046035203105300002},"geometry":{"type":"LineString","coordinates":[[105.000890079525689,0.000257636973067],[105.000890065386756,0.000258112625032]]}},
{"type":"Feature","properties":{"OID_":0,"起点经":113.305814,"起点纬":24.997704,"起点年":"明","终点经":113.3013118,"终点纬":24.9657251,"Shape_Leng":0.032314857560599999},"geometry":{"type":"LineString","coordinates":[[105.000890216238986,0.000258477634316],[105.000890180881328,0.000258146746506]]}},
{"type":"Feature","properties":{"OID_":0,"起点经":113.3013118,"起点纬":24.9657251,"起点年":"现代","终点经":113.325441,"终点纬":24.972177,"Shape_Leng":0.024961168118300001},"geometry":{"type":"LineString","coordinates":[[105.000890180881328,0.000258146746506],[105.000890370229641,0.000258213955955]]}},
{"type":"Feature","properties":{"OID_":0,"起点经":113.286634,"起点纬":24.962444,"起点年":"现代","终点经":113.31666,"终点纬":24.976244,"Shape_Leng":0.033112685948299997},"geometry":{"type":"LineString","coordinates":[[105.000890065386756,0.000258112625032],[105.00089030187614,0.000258255317797]]}},
{"type":"Feature","properties":{"OID_":0,"起点经":113.288421,"起点纬":24.916369,"起点年":"清","终点经":113.298211,"终点纬":24.948843,"Shape_Leng":0.033849667057200002},"geometry":{"type":"LineString","coordinates":[[105.000890079525689,0.000257636973067],[105.000890156524179,0.000257971996479]]}},
{"type":"Feature","properties":{"OID_":0,"起点经":113.311804,"起点纬":24.923226,"起点年":"现代","终点经":113.322496,"终点纬":24.966688,"Shape_Leng":0.044796651901899999},"geometry":{"type":"LineString","coordinates":[[105.000890263374288,0.000257707284619],[105.000890347444681,0.000258157084794]]}},
{"type":"Feature","properties":{"OID_":0,"起点经":113.270372,"起点纬":25.002958,"起点年":"现代","终点经":113.28173,"终点纬":25.018847,"Shape_Leng":0.019424984801900001},"geometry":{"type":"LineString","coordinates":[[105.00088993811012,0.000258532440944],[105.000890026892606,0.000258695815956]]}},
{"type":"Feature","properties":{"OID_":0,"起点经":113.276516,"起点纬":24.993897,"起点年":"清","终点经":113.273121,"终点纬":24.993343,"Shape_Leng":0.00345253693445},"geometry":{"type":"LineString","coordinates":[[105.00088998603573,0.000258438344032],[105.000889959322691,0.000258432140213]]}},
{"type":"Feature","properties":{"OID_":0,"起点经":113.268319,"起点纬":24.845856,"起点年":null,"终点经":113.279519,"终点纬":25.021267,"Shape_Leng":0.17575721895300001},"geometry":{"type":"LineString","coordinates":[[105.000889921599892,0.000256907986831],[105.000890009607929,0.000258721666803]]}},
{"type":"Feature","properties":{"OID_":0,"起点经":113.288421,"起点纬":24.916369,"起点年":null,"终点经":113.269928,"终点纬":24.993093,"Shape_Leng":0.078899555639599994},"geometry":{"type":"LineString","coordinates":[[105.000890079525689,0.000257636973067],[105.000889934181075,0.00025843007244]]}},
{"type":"Feature","properties":{"OID_":0,"起点经":113.273121,"起点纬":24.993343,"起点年":"清","终点经":113.2730228,"终点纬":25.0070721,"Shape_Leng":0.013800362166900001},"geometry":{"type":"LineString","coordinates":[[105.000889959322691,0.000258432140213],[105.000889958537968,0.000258574835763]]}},
{"type":"Feature","properties":{"OID_":0,"起点经":113.282505,"起点纬":24.955585,"起点年":"民国","终点经":113.272112,"终点纬":24.978902,"Shape_Leng":0.0255156807514},"geometry":{"type":"LineString","coordinates":[[105.000890033173562,0.000258042311682],[105.000889951464941,0.000258283240623]]}},
{"type":"Feature","properties":{"OID_":0,"起点经":113.244924,"起点纬":25.001284,"起点年":"清","终点经":113.261577,"终点纬":24.997451,"Shape_Leng":0.017126879054699999},"geometry":{"type":"LineString","coordinates":[[105.000889737762691,0.000258514864873],[105.000889868970276,0.000258475570349]]}},
{"type":"Feature","properties":{"OID_":0,"起点经":113.270909,"起点纬":24.935553,"起点年":"清","终点经":113.26208,"终点纬":24.990705,"Shape_Leng":0.055798296995499999},"geometry":{"type":"LineString","coordinates":[[105.000889942033766,0.000257835507622],[105.000889872898185,0.000258405256578]]}},
{"type":"Feature","properties":{"OID_":0,"起点经":113.245744,"起点纬":24.931886,"起点年":"明","终点经":113.244924,"终点纬":25.001284,"Shape_Leng":0.069404610279799994},"geometry":{"type":"LineString","coordinates":[[105.000889744043221,0.00025779725099],[105.000889737762691,0.000258514864873]]}},
{"type":"Feature","properties":{"OID_":0,"起点经":112.435009,"起点纬":23.637856,"起点年":"民国","终点经":113.008698,"终点纬":24.703914,"Shape_Leng":1.2105732893100001},"geometry":{"type":"LineString","coordinates":[[105.000883374479145,0.000244417033114],[105.000887881975558,0.000255439694415]]}},
{"type":"Feature","properties":{"OID_":0,"起点经":112.435009,"起点纬":23.637856,"起点年":"民国","终点经":113.0162829,"终点纬":24.7039074,"Shape_Leng":1.2141934323200001},"geometry":{"type":"LineString","coordinates":[[105.000883374479145,0.000244417033114],[105.000887941686941,0.000255439693705]]}},
{"type":"Feature","properties":{"OID_":0,"起点经":113.106528,"起点纬":24.953909,"起点年":"清","终点经":113.0951758,"终点纬":24.9730691,"Shape_Leng":0.0222784655775},"geometry":{"type":"LineString","coordinates":[[105.00088865038407,0.000258024749537],[105.000888561604029,0.000258223283526]]}},
{"type":"Feature","properties":{"OID_":0,"起点经":113.106528,"起点纬":24.953909,"起点年":"清","终点经":113.070334,"终点纬":24.982481,"Shape_Leng":0.046134584146099999},"geometry":{"type":"LineString","coordinates":[[105.00088865038407,0.000258024749537],[105.000888365971448,0.000258320484218]]}},
{"type":"Feature","properties":{"OID_":0,"起点经":113.156552,"起点纬":24.983577,"起点年":"清","终点经":113.098661,"终点纬":24.96926,"Shape_Leng":0.059639748561699998},"geometry":{"type":"LineString","coordinates":[[105.000889044009696,0.000258331850534],[105.000888589102445,0.000258183990179]]}},
{"type":"Feature","properties":{"OID_":0,"起点经":116.623359,"起点纬":23.675072,"起点年":"清","终点经":113.041001,"终点纬":24.979097,"Shape_Leng":3.8123491112300001},"geometry":{"type":"LineString","coordinates":[[105.000916281723079,0.00024480129817],[105.000888135768207,0.000258285330057]]}},
{"type":"Feature","properties":{"OID_":0,"起点经":113.048673,"起点纬":24.973228,"起点年":"现代","终点经":113.0611618,"终点纬":24.9599721,"Shape_Leng":0.018179383363700001},"geometry":{"type":"LineString","coordinates":[[105.000888196264825,0.000258224321829],[105.00088829447337,0.000258087829288]]}},
{"type":"Feature","properties":{"OID_":0,"起点经":113.048673,"起点纬":24.973228,"起点年":"现代","终点经":113.0625648,"终点纬":24.9595081,"Shape_Leng":0.019516659986299999},"geometry":{"type":"LineString","coordinates":[[105.000888196264825,0.000258224321829],[105.000888305472799,0.000258082659034]]}},
{"type":"Feature","properties":{"OID_":0,"起点经":113.048673,"起点纬":24.973228,"起点年":"现代","终点经":113.0611618,"终点纬":24.9599721,"Shape_Leng":0.018179383363700001},"geometry":{"type":"LineString","coordinates":[[105.000888196264825,0.000258224321829],[105.00088829447337,0.000258087829288]]}},
{"type":"Feature","properties":{"OID_":0,"起点经":113.197539,"起点纬":24.939577,"起点年":"现代","终点经":113.0571008,"终点纬":24.9608311,"Shape_Leng":0.14199154886900001},"geometry":{"type":"LineString","coordinates":[[105.000889365348044,0.000257876875433],[105.000888262260716,0.000258096101867]]}},
{"type":"Feature","properties":{"OID_":0,"起点经":113.126015,"起点纬":24.954426,"起点年":"清","终点经":113.0630835,"终点纬":24.9579978,"Shape_Leng":0.063002935731000007},"geometry":{"type":"LineString","coordinates":[[105.000888803590868,0.00025802991786],[105.000888309401049,0.000258067148584]]}},
{"type":"Feature","properties":{"OID_":0,"起点经":112.435009,"起点纬":23.637856,"起点年":"清","终点经":113.002212,"终点纬":24.71056,"Shape_Leng":1.21342537072},"geometry":{"type":"LineString","coordinates":[[105.000883374479145,0.000244417033114],[105.000887830907118,0.000255508974722]]}},
{"type":"Feature","properties":{"OID_":0,"起点经":112.435009,"起点纬":23.637856,"起点年":"民国","终点经":113.2717788,"终点纬":24.7104531,"Shape_Leng":1.36040618999},"geometry":{"type":"LineString","coordinates":[[105.000883374479145,0.000244417033114],[105.000889949088986,0.000255507915735]]}},
{"type":"Feature","properties":{"OID_":0,"起点经":113.139467,"起点纬":24.989108,"起点年":"清","终点经":113.186894,"终点纬":24.988251,"Shape_Leng":0.047406752003199999},"geometry":{"type":"LineString","coordinates":[[105.000888909659551,0.000258388723515],[105.000889282069821,0.000258380446918]]}},
{"type":"Feature","properties":{"OID_":0,"起点经":113.1985698,"起点纬":24.9725861,"起点年":"民国","终点经":113.171787,"终点纬":24.97892,"Shape_Leng":0.027530531443400001},"geometry":{"type":"LineString","coordinates":[[105.000889373992791,0.000258218103807],[105.000889163432106,0.000258283249911]]}},
{"type":"Feature","properties":{"OID_":0,"起点经":113.144271,"起点纬":25.087447,"起点年":"明","终点经":113.182542,"终点纬":24.998404,"Shape_Leng":0.096851639684600005},"geometry":{"type":"LineString","coordinates":[[105.000888947378897,0.000259405170265],[105.000889247500808,0.000258484883928]]}},
{"type":"Feature","properties":{"OID_":0,"起点经":113.1829198,"起点纬":24.9730501,"起点年":"现代","终点经":113.189482,"终点纬":24.980851,"Shape_Leng":0.0102176316349},"geometry":{"type":"LineString","coordinates":[[105.00088925064172,0.000258223275381],[105.000889302496873,0.000258303928773]]}},
{"type":"Feature","properties":{"OID_":0,"起点经":113.199389,"起点纬":24.957432,"起点年":"清","终点经":113.212732,"终点纬":24.965673,"Shape_Leng":0.015677370375199999},"geometry":{"type":"LineString","coordinates":[[105.000889380277115,0.000258060931815],[105.000889484772557,0.000258146754728]]}},
{"type":"Feature","properties":{"OID_":0,"起点经":113.138791,"起点纬":24.985412,"起点年":"清","终点经":113.142525,"终点纬":24.989432,"Shape_Leng":0.0054488530981000004},"geometry":{"type":"LineString","coordinates":[[105.000888904159538,0.000258350464631],[105.000888933229831,0.000258391825307]]}},
{"type":"Feature","properties":{"OID_":0,"起点经":113.138791,"起点纬":24.985412,"起点年":"清","终点经":113.139467,"终点纬":24.989108,"Shape_Leng":0.0037656344318300001},"geometry":{"type":"LineString","coordinates":[[105.000888904159538,0.000258350464631],[105.000888909659551,0.000258388723515]]}},
{"type":"Feature","properties":{"OID_":0,"起点经":114.903554,"起点纬":27.043403,"起点年":"明","终点经":113.109269,"终点纬":25.034976,"Shape_Leng":2.6931734167700001},"geometry":{"type":"LineString","coordinates":[[105.000902769912898,0.000279630546259],[105.000888672388683,0.000258863344079]]}},
{"type":"Feature","properties":{"OID_":0,"起点经":112.19046,"起点纬":25.372379,"起点年":"明","终点经":113.1655368,"终点纬":24.9469751,"Shape_Leng":1.0637622680700001},"geometry":{"type":"LineString","coordinates":[[105.000881453623023,0.000262352231284],[105.000889113932288,0.000257953396286]]}},
{"type":"Feature","properties":{"OID_":0,"起点经":112.19046,"起点纬":25.372379,"起点年":"明","终点经":113.1569288,"终点纬":24.9490391,"Shape_Leng":1.0550812869599999},"geometry":{"type":"LineString","coordinates":[[105.000881453623023,0.000262352231284],[105.000889046364307,0.000257974077612]]}},
{"type":"Feature","properties":{"OID_":0,"起点经":113.341738,"起点纬":25.133406,"起点年":"清","终点经":113.166636,"终点纬":24.952927,"Shape_Leng":0.251476160841},"geometry":{"type":"LineString","coordinates":[[105.000890498306163,0.000259880803777],[105.000889122575146,0.000258014403703]]}},
{"type":"Feature","properties":{"OID_":0,"起点经":113.341738,"起点纬":25.133406,"起点年":"清","终点经":113.182955,"终点纬":24.945251,"Shape_Leng":0.24610424645699999},"geometry":{"type":"LineString","coordinates":[[105.000890498306163,0.000259880803777],[105.00088925142542,0.000257935816254]]}},
{"type":"Feature","properties":{"OID_":0,"起点经":113.341738,"起点纬":25.133406,"起点年":"清","终点经":113.1780788,"终点纬":24.9503831,"Shape_Leng":0.24546681852499999},"geometry":{"type":"LineString","coordinates":[[105.000890498306163,0.000259880803777],[105.000889212927689,0.000257988552001]]}},
{"type":"Feature","properties":{"OID_":0,"起点经":113.341738,"起点纬":25.133406,"起点年":"明","终点经":113.161063,"终点纬":24.957457,"Shape_Leng":0.25210547311800002},"geometry":{"type":"LineString","coordinates":[[105.000890498306163,0.000259880803777],[105.000889079363304,0.000258061969386]]}},
{"type":"Feature","properties":{"OID_":0,"起点经":113.341738,"起点纬":25.133406,"起点年":"明","终点经":113.166906,"终点纬":25.100292,"Shape_Leng":0.17790629290099999},"geometry":{"type":"LineString","coordinates":[[105.000890498306163,0.000259880803777],[105.00088912494256,0.000259538557496]]}},
{"type":"Feature","properties":{"OID_":0,"起点经":113.341738,"起点纬":25.133406,"起点年":"明","终点经":113.1480038,"终点纬":25.1202221,"Shape_Leng":0.19414924735200001},"geometry":{"type":"LineString","coordinates":[[105.000890498306163,0.000259880803777],[105.000888976451193,0.000259744330344]]}},
{"type":"Feature","properties":{"OID_":0,"起点经":113.124466,"起点纬":24.943921,"起点年":"清","终点经":113.124154,"终点纬":24.940033,"Shape_Leng":0.0039115211556900002},"geometry":{"type":"LineString","coordinates":[[105.000888791804982,0.000257921345315],[105.000888789447714,0.000257881018314]]}},
{"type":"Feature","properties":{"OID_":0,"起点经":113.341738,"起点纬":25.133406,"起点年":null,"终点经":113.152085,"终点纬":25.037359,"Shape_Leng":0.212518609385},"geometry":{"type":"LineString","coordinates":[[105.000890498306163,0.000259880803777],[105.000889008658106,0.000258888156724]]}},
{"type":"Feature","properties":{"OID_":0,"起点经":113.341738,"起点纬":25.133406,"起点年":"清","终点经":113.082369,"终点纬":25.060367,"Shape_Leng":0.26937982208799999},"geometry":{"type":"LineString","coordinates":[[105.000890498306163,0.000259880803777],[105.000888461043701,0.000259125989087]]}},
{"type":"Feature","properties":{"OID_":0,"起点经":113.152301,"起点纬":24.916932,"起点年":"清","终点经":113.154915,"终点纬":24.936824,"Shape_Leng":0.020069131083299999},"geometry":{"type":"LineString","coordinates":[[105.000889010220959,0.000257642155804],[105.00088903064993,0.000257847926666]]}},
{"type":"Feature","properties":{"OID_":0,"起点经":113.152699,"起点纬":24.918454,"起点年":"明","终点经":113.1356398,"终点纬":24.9196811,"Shape_Leng":0.017142052499600002},"geometry":{"type":"LineString","coordinates":[[105.000889013363789,0.000257658700152],[105.000888879013317,0.000257671110064]]}},
{"type":"Feature","properties":{"OID_":0,"起点经":113.152699,"起点纬":24.918454,"起点年":"清","终点经":113.1387868,"终点纬":24.9162171,"Shape_Leng":0.0140890033679},"geometry":{"type":"LineString","coordinates":[[105.000889013363789,0.000257658700152],[105.000888904154678,0.000257634918876]]}},
{"type":"Feature","properties":{"OID_":0,"起点经":113.341738,"起点纬":25.133406,"起点年":"现代","终点经":113.082388,"终点纬":25.067752,"Shape_Leng":0.26746934121299998},"geometry":{"type":"LineString","coordinates":[[105.000890498306163,0.000259880803777],[105.000888461044227,0.00025920250701]]}},
{"type":"Feature","properties":{"OID_":0,"起点经":113.341738,"起点纬":25.133406,"起点年":"明","终点经":113.1025553,"终点纬":25.0662339,"Shape_Leng":0.248363944615},"geometry":{"type":"LineString","coordinates":[[105.000890498306163,0.000259880803777],[105.000888619750597,0.000259185960698]]}},
{"type":"Feature","properties":{"OID_":0,"起点经":113.341738,"起点纬":25.133406,"起点年":"南宋","终点经":113.406993,"终点纬":24.991304,"Shape_Leng":0.15638574200200001},"geometry":{"type":"LineString","coordinates":[[105.000890498306163,0.000259880803777],[105.000891011342446,0.000258411447258]]}},
{"type":"Feature","properties":{"OID_":0,"起点经":113.100333,"起点纬":25.057553,"起点年":"明","终点经":113.162789,"终点纬":24.955787,"Shape_Leng":0.11945497084700001},"geometry":{"type":"LineString","coordinates":[[105.000888601679449,0.000259097034694],[105.00088909271966,0.000258044390785]]}},
{"type":"Feature","properties":{"OID_":0,"起点经":113.341738,"起点纬":25.133406,"起点年":"民国","终点经":113.390341,"终点纬":25.031283,"Shape_Leng":0.113076831834},"geometry":{"type":"LineString","coordinates":[[105.000890498306163,0.000259880803777],[105.000890880137391,0.000258825059085]]}},
{"type":"Feature","properties":{"OID_":0,"起点经":113.341738,"起点纬":25.133406,"起点年":"清","终点经":113.289501,"终点纬":24.740726,"Shape_Leng":0.39615417387599999},"geometry":{"type":"LineString","coordinates":[[105.000890498306163,0.000259880803777],[105.000890088155742,0.000255820189859]]}},
{"type":"Feature","properties":{"OID_":0,"起点经":113.138791,"起点纬":24.985412,"起点年":"清","终点经":113.1678588,"终点纬":24.9441331,"Shape_Leng":0.050522272558500003},"geometry":{"type":"LineString","coordinates":[[105.000888904159538,0.000258350464631],[105.000889132788316,0.000257923409327]]}},
{"type":"Feature","properties":{"OID_":0,"起点经":113.138791,"起点纬":24.985412,"起点年":"现代","终点经":113.1670838,"终点纬":24.9448941,"Shape_Leng":0.0494078954738},"geometry":{"type":"LineString","coordinates":[[105.000888904159538,0.000258350464631],[105.000889126502955,0.000257931681606]]}},
{"type":"Feature","properties":{"OID_":0,"起点经":113.179989,"起点纬":24.925565,"起点年":"清","终点经":113.173809,"终点纬":24.910712,"Shape_Leng":0.016138463466300001},"geometry":{"type":"LineString","coordinates":[[105.000889227853762,0.000257732113453],[105.000889179140827,0.00025757804422]]}},
{"type":"Feature","properties":{"OID_":0,"起点经":113.341738,"起点纬":25.133406,"起点年":"明","终点经":113.31431,"终点纬":24.77808,"Shape_Leng":0.35635494924900002},"geometry":{"type":"LineString","coordinates":[[105.000890498306163,0.000259880803777],[105.000890283005958,0.000256206913169]]}},
{"type":"Feature","properties":{"OID_":0,"起点经":112.281917,"起点纬":24.728822,"起点年":"明","终点经":113.115073,"终点纬":24.520643,"Shape_Leng":0.85881865378199995},"geometry":{"type":"LineString","coordinates":[[105.000882171685802,0.000255697233785],[105.000888717921711,0.000253544315469]]}},
{"type":"Feature","properties":{"OID_":0,"起点经":113.144271,"起点纬":25.087447,"起点年":"现代","终点经":113.1768842,"终点纬":24.9317311,"Shape_Leng":0.159076239689},"geometry":{"type":"LineString","coordinates":[[105.000888947378897,0.000259405170265],[105.000889203498247,0.00025779518932]]}},
{"type":"Feature","properties":{"OID_":0,"起点经":113.1780788,"起点纬":24.9503831,"起点年":"清","终点经":113.195226,"终点纬":24.92321,"Shape_Leng":0.032128647368099998},"geometry":{"type":"LineString","coordinates":[[105.000889212927689,0.000257988552001],[105.000889347276328,0.000257707295427]]}},
{"type":"Feature","properties":{"OID_":0,"起点经":113.1475065,"起点纬":24.8148525,"起点年":"明","终点经":113.1778038,"终点纬":24.8996001,"Shape_Leng":0.089956545112099995},"geometry":{"type":"LineString","coordinates":[[105.000888972501372,0.000256587450048],[105.000889210567067,0.000257463266991]]}},
{"type":"Feature","properties":{"OID_":0,"起点经":112.281917,"起点纬":24.728822,"起点年":"现代","终点经":112.9975758,"终点纬":24.7839671,"Shape_Leng":0.717825557349},"geometry":{"type":"LineString","coordinates":[[105.000882171685802,0.000255697233785],[105.000887794771188,0.000256267949992]]}},
{"type":"Feature","properties":{"OID_":0,"起点经":114.483492,"起点纬":24.372356,"起点年":"清","终点经":113.351899,"终点纬":24.968507,"Shape_Leng":1.27900499245},"geometry":{"type":"LineString","coordinates":[[105.000899469098258,0.000252011761941],[105.00089057843347,0.000258175694552]]}},
{"type":"Feature","properties":{"OID_":0,"起点经":113.183623,"起点纬":24.931137,"起点年":"现代","终点经":113.191651,"终点纬":24.938192,"Shape_Leng":0.010771257539},"geometry":{"type":"LineString","coordinates":[[105.000889256138507,0.000257788984548],[105.000889319778736,0.000257862399602]]}},
{"type":"Feature","properties":{"OID_":0,"起点经":112.558703,"起点纬":25.279461,"起点年":"清","终点经":113.111646,"终点纬":25.035372,"Shape_Leng":0.60438664896500005},"geometry":{"type":"LineString","coordinates":[[105.000884346474876,0.000261391587619],[105.000888690459263,0.000258867479992]]}},
{"type":"Feature","properties":{"OID_":0,"起点经":113.177706,"起点纬":24.927669,"起点年":"明","终点经":113.1551178,"终点纬":25.0105941,"Shape_Leng":0.085925375091200004},"geometry":{"type":"LineString","coordinates":[[105.000889209783395,0.000257753828211],[105.000889032226468,0.00025861103756]]}},
{"type":"Feature","properties":{"OID_":0,"起点经":113.18513,"起点纬":25.0251,"起点年":"清","终点经":113.166118,"终点纬":25.002733,"Shape_Leng":0.0293727774224},"geometry":{"type":"LineString","coordinates":[[105.000889267930248,0.000258760968551],[105.000889118650264,0.000258529348539]]}},
{"type":"Feature","properties":{"OID_":0,"起点经":113.177706,"起点纬":24.927669,"起点年":"明","终点经":113.151333,"终点纬":25.017206,"Shape_Leng":0.093312432975500001},"geometry":{"type":"LineString","coordinates":[[105.000889209783395,0.000257753828211],[105.000889002371252,0.000258679283603]]}},
{"type":"Feature","properties":{"OID_":0,"起点经":113.159297,"起点纬":25.024547,"起点年":"民国","终点经":113.163289,"终点纬":25.009738,"Shape_Leng":0.015331014492799999},"geometry":{"type":"LineString","coordinates":[[105.000889065225834,0.000258754766752],[105.000889096651846,0.000258601730595]]}},
{"type":"Feature","properties":{"OID_":0,"起点经":113.163289,"起点纬":25.009738,"起点年":"现代","终点经":113.163289,"终点纬":25.009738,"Shape_Leng":0.0},"geometry":null},
{"type":"Feature","properties":{"OID_":0,"起点经":113.124212,"起点纬":24.946845,"起点年":"明","终点经":113.172773,"终点纬":25.039032,"Shape_Leng":0.10422475671299999},"geometry":{"type":"LineString","coordinates":[[105.000888789448183,0.000257951332075],[105.000889171293096,0.00025890469923]]}},
{"type":"Feature","properties":{"OID_":0,"起点经":113.149118,"起点纬":24.933004,"起点年":"清","终点经":113.198653,"终点纬":25.048303,"Shape_Leng":0.125515935543},"geometry":{"type":"LineString","coordinates":[[105.000888985080465,0.000257808634228],[105.000889374783782,0.000259000861219]]}},
{"type":"Feature","properties":{"OID_":0,"起点经":113.172773,"起点纬":25.039032,"起点年":"清","终点经":113.198653,"终点纬":25.048303,"Shape_Leng":0.027519083210399999},"geometry":{"type":"LineString","coordinates":[[105.000889171293096,0.00025890469923],[105.000889374783782,0.000259000861219]]}},
{"type":"Feature","properties":{"OID_":0,"起点经":113.1514398,"起点纬":24.9903141,"起点年":"清","终点经":113.163963,"终点纬":24.989142,"Shape_Leng":0.012657014792600001},"geometry":{"type":"LineString","coordinates":[[105.000889003155052,0.000258401130708],[105.000889102150126,0.000258388721251]]}},
{"type":"Feature","properties":{"OID_":0,"起点经":113.151333,"起点纬":25.017206,"起点年":"明","终点经":113.158209,"终点纬":25.004331,"Shape_Leng":0.014629422594700001},"geometry":{"type":"LineString","coordinates":[[105.000889002371252,0.000258679283603],[105.000889056581997,0.000258545893676]]}},
{"type":"Feature","properties":{"OID_":0,"起点经":113.0632728,"起点纬":24.9579421,"起点年":"现代","终点经":113.1732698,"终点纬":25.0133941,"Shape_Leng":0.123208159894},"geometry":{"type":"LineString","coordinates":[[105.0008883109724,0.000258066114553],[105.000889175219683,0.000258639988613]]}},
{"type":"Feature","properties":{"OID_":0,"起点经":113.151333,"起点纬":25.017206,"起点年":"清","终点经":113.158252,"终点纬":24.9931019,"Shape_Leng":0.025096016496799999},"geometry":{"type":"LineString","coordinates":[[105.000889002371252,0.000258679283603],[105.000889057366891,0.000258430082771]]}},
{"type":"Feature","properties":{"OID_":0,"起点经":113.177706,"起点纬":24.927669,"起点年":"清","终点经":113.164515,"终点纬":25.004186,"Shape_Leng":0.077630471235399998},"geometry":{"type":"LineString","coordinates":[[105.000889209783395,0.000257753828211],[105.000889106079583,0.000258544859079]]}},
{"type":"Feature","properties":{"OID_":0,"起点经":113.207558,"起点纬":24.95044,"起点年":"明","终点经":113.156855,"终点纬":24.994669,"Shape_Leng":0.0673274095564},"geometry":{"type":"LineString","coordinates":[[105.000889444702054,0.000257988549283],[105.000889046367519,0.000258446627352]]}},
{"type":"Feature","properties":{"OID_":0,"起点经":116.076548,"起点纬":24.268805,"起点年":"明","终点经":113.223627,"终点纬":25.0105,"Shape_Leng":2.9477376564400002},"geometry":{"type":"LineString","coordinates":[[105.000911984905485,0.000250940361044],[105.000889570414387,0.000258609997215]]}},
{"type":"Feature","properties":{"OID_":0,"起点经":113.144271,"起点纬":25.087447,"起点年":"清","终点经":113.168245,"终点纬":25.10654,"Shape_Leng":0.030594445784700001},"geometry":{"type":"LineString","coordinates":[[105.000888947378897,0.000259405170265],[105.000889135156768,0.000259602666972]]}},
{"type":"Feature","properties":{"OID_":0,"起点经":113.139066,"起点纬":25.036864,"起点年":"清","终点经":113.165444,"终点纬":25.104967,"Shape_Leng":0.073002054786699994},"geometry":{"type":"LineString","coordinates":[[105.000888906520217,0.000258882987801],[105.000889113157726,0.000259587156854]]}},
{"type":"Feature","properties":{"OID_":0,"起点经":116.076548,"起点纬":24.268805,"起点年":"清","终点经":113.201455,"终点纬":24.942812,"Shape_Leng":2.9529478493200001},"geometry":{"type":"LineString","coordinates":[[105.000911984905485,0.000250940361044],[105.000889396775264,0.000257909963908]]}},
{"type":"Feature","properties":{"OID_":0,"起点经":113.1598211,"起点纬":25.1002924,"起点年":"清","终点经":113.1514398,"终点纬":24.9903141,"Shape_Leng":0.110320261441},"geometry":{"type":"LineString","coordinates":[[105.000889069159555,0.000259538558161],[105.000889003155052,0.000258401130708]]}},
{"type":"Feature","properties":{"OID_":0,"起点经":116.076548,"起点纬":24.268805,"起点年":"民国","终点经":112.997698,"终点纬":24.748237,"Shape_Leng":3.1159001591900002},"geometry":{"type":"LineString","coordinates":[[105.000911984905485,0.000250940361044],[105.000887795554334,0.000255897768789]]}},
{"type":"Feature","properties":{"OID_":0,"起点经":113.100333,"起点纬":25.057553,"起点年":"清","终点经":113.1273948,"终点纬":25.0717611,"Shape_Leng":0.030594934734},"geometry":{"type":"LineString","coordinates":[[105.000888601679449,0.000259097034694],[105.000888814598596,0.000259243863859]]}},
{"type":"Feature","properties":{"OID_":0,"起点经":113.139066,"起点纬":25.036864,"起点年":"清","终点经":113.128372,"终点纬":25.072931,"Shape_Leng":0.037556490681399997},"geometry":{"type":"LineString","coordinates":[[105.000888906520217,0.000258882987801],[105.000888822455451,0.000259255238031]]}},
{"type":"Feature","properties":{"OID_":0,"起点经":113.122003,"起点纬":25.026007,"起点年":"清","终点经":113.128409,"终点纬":25.006684,"Shape_Leng":0.0203334698609},"geometry":{"type":"LineString","coordinates":[[105.000888772168892,0.000258770280598],[105.00088882245079,0.000258570713044]]}},
{"type":"Feature","properties":{"OID_":0,"起点经":116.521199,"起点纬":27.221811,"起点年":"明","终点经":113.052191,"终点纬":24.67459,"Shape_Leng":4.3037412617199999},"geometry":{"type":"LineString","coordinates":[[105.000915479019469,0.000281475094543],[105.000888223742493,0.000255136720842]]}},
{"type":"Feature","properties":{"OID_":0,"起点经":113.139066,"起点纬":25.036864,"起点年":"清","终点经":113.124324,"终点纬":25.038957,"Shape_Leng":0.0149482449927},"geometry":{"type":"LineString","coordinates":[[105.000888906520217,0.000258882987801],[105.000888790240325,0.000258904703724]]}},
{"type":"Feature","properties":{"OID_":0,"起点经":113.1375538,"起点纬":25.0312971,"起点年":"明","终点经":113.127594,"终点纬":25.031507,"Shape_Leng":0.010002001432},"geometry":{"type":"LineString","coordinates":[[105.000888894734686,0.00025882508251],[105.000888816167105,0.000258827151493]]}},
{"type":"Feature","properties":{"OID_":0,"起点经":113.127594,"起点纬":25.031507,"起点年":"清","终点经":113.129844,"终点纬":25.035647,"Shape_Leng":0.0046529564720600002},"geometry":{"type":"LineString","coordinates":[[105.000888816167105,0.000258827151493],[105.000888833452265,0.000258869546333]]}},
{"type":"Feature","properties":{"OID_":0,"起点经":113.139066,"起点纬":25.036864,"起点年":"民国","终点经":113.124777,"终点纬":25.03021,"Shape_Leng":0.015791769851},"geometry":{"type":"LineString","coordinates":[[105.000888906520217,0.000258882987801],[105.000888794168105,0.000258813709425]]}},
{"type":"Feature","properties":{"OID_":0,"起点经":117.351979,"起点纬":24.517796,"起点年":"明","终点经":113.399988,"终点纬":24.868279,"Shape_Leng":3.9675123536800001},"geometry":{"type":"LineString","coordinates":[[105.000922006217792,0.000253514963249],[105.000890956336448,0.000257139596368]]}},
{"type":"Feature","properties":{"OID_":0,"起点经":113.1554758,"起点纬":24.9649641,"起点年":"现代","终点经":113.1554758,"终点纬":24.9649641,"Shape_Leng":0.0},"geometry":null},
{"type":"Feature","properties":{"OID_":0,"起点经":116.623359,"起点纬":23.675072,"起点年":"明","终点经":113.1418288,"终点纬":24.5498751,"Shape_Leng":3.5898208290600002},"geometry":{"type":"LineString","coordinates":[[105.000916281723079,0.00024480129817],[105.000888927699208,0.000253847282551]]}},
{"type":"Feature","properties":{"OID_":0,"起点经":113.139066,"起点纬":25.036864,"起点年":"明","终点经":113.1405928,"终点纬":25.0194581,"Shape_Leng":0.0174645347501},"geometry":{"type":"LineString","coordinates":[[105.000888906520217,0.000258882987801],[105.000888918304113,0.000258703067188]]}},
{"type":"Feature","properties":{"OID_":0,"起点经":113.139066,"起点纬":25.036864,"起点年":"明","终点经":113.1375538,"终点纬":25.0312971,"Shape_Leng":0.0057974128460299996},"geometry":{"type":"LineString","coordinates":[[105.000888906520217,0.000258882987801],[105.000888894734686,0.00025882508251]]}},
{"type":"Feature","properties":{"OID_":0,"起点经":113.599412,"起点纬":24.685894,"起点年":"明","终点经":113.4022788,"终点纬":24.8914421,"Shape_Leng":0.28474314655499999},"geometry":{"type":"LineString","coordinates":[[105.000892522961067,0.00025525351501],[105.000890974408634,0.00025737845607]]}},
{"type":"Feature","properties":{"OID_":0,"起点经":113.100333,"起点纬":25.057553,"起点年":"清","终点经":113.092893,"终点纬":25.029796,"Shape_Leng":0.028768037724500001},"geometry":{"type":"LineString","coordinates":[[105.000888601679449,0.000259097034694],[105.000888543537485,0.000258809576276]]}},
{"type":"Feature","properties":{"OID_":0,"起点经":113.599412,"起点纬":24.685894,"起点年":"清","终点经":113.410679,"终点纬":24.965731,"Shape_Leng":0.33748441304100002},"geometry":{"type":"LineString","coordinates":[[105.000892522961067,0.00025525351501],[105.00089104041065,0.000258146736352]]}},
{"type":"Feature","properties":{"OID_":0,"起点经":113.599412,"起点纬":24.685894,"起点年":"明","终点经":113.419861,"终点纬":24.905949,"Shape_Leng":0.28393705185200002},"geometry":{"type":"LineString","coordinates":[[105.000892522961067,0.00025525351501],[105.000891112688592,0.000257528388149]]}},
{"type":"Feature","properties":{"OID_":0,"起点经":113.599412,"起点纬":24.685894,"起点年":"清","终点经":113.395831,"终点纬":25.023776,"Shape_Leng":0.39449888470400002},"geometry":{"type":"LineString","coordinates":[[105.000892522961067,0.00025525351501],[105.000890923349033,0.000258747506632]]}},
{"type":"Feature","properties":{"OID_":0,"起点经":113.599412,"起点纬":24.685894,"起点年":"清","终点经":113.400163,"终点纬":25.02569,"Shape_Leng":0.39388409510200001},"geometry":{"type":"LineString","coordinates":[[105.000892522961067,0.00025525351501],[105.000890957918898,0.000258767152739]]}},
{"type":"Feature","properties":{"OID_":0,"起点经":113.599412,"起点纬":24.685894,"起点年":"明","终点经":113.3419678,"终点纬":24.9669001,"Shape_Leng":0.38107185611200001},"geometry":{"type":"LineString","coordinates":[[105.000892522961067,0.00025525351501],[105.000890500651465,0.000258159151036]]}},
{"type":"Feature","properties":{"OID_":0,"起点经":113.599412,"起点纬":24.685894,"起点年":"清","终点经":113.405748,"终点纬":24.958923,"Shape_Leng":0.33473674771900003},"geometry":{"type":"LineString","coordinates":[[105.000892522961067,0.00025525351501],[105.000891001126362,0.00025807642308]]}},
{"type":"Feature","properties":{"OID_":0,"起点经":113.599412,"起点纬":24.685894,"起点年":"明","终点经":113.332934,"终点纬":24.735299,"Shape_Leng":0.27103986781},"geometry":{"type":"LineString","coordinates":[[105.000892522961067,0.00025525351501],[105.000890429138636,0.000255764348424]]}},
{"type":"Feature","properties":{"OID_":0,"起点经":113.040873,"起点纬":24.565807,"起点年":"现代","终点经":113.0513148,"终点纬":24.5579921,"Shape_Leng":0.013000000640699999},"geometry":{"type":"LineString","coordinates":[[105.000888134953456,0.000254011701946],[105.000888216663199,0.000253931046979]]}},
{"type":"Feature","properties":{"OID_":0,"起点经":113.0846398,"起点纬":24.5734111,"起点年":"民国","终点经":113.0846398,"终点纬":24.5734111,"Shape_Leng":0.0},"geometry":null},
{"type":"Feature","properties":{"OID_":0,"起点经":113.599412,"起点纬":24.685894,"起点年":"明","终点经":113.3193494,"终点纬":24.7410221,"Shape_Leng":0.28546807103499999},"geometry":{"type":"LineString","coordinates":[[105.000892522961067,0.00025525351501],[105.000890322287134,0.000255823289178]]}},
{"type":"Feature","properties":{"OID_":0,"起点经":113.599412,"起点纬":24.685894,"起点年":"清","终点经":113.354148,"终点纬":24.807672,"Shape_Leng":0.27387465985499998},"geometry":{"type":"LineString","coordinates":[[105.000892522961067,0.00025525351501],[105.000890595707006,0.000256512981045]]}},
{"type":"Feature","properties":{"OID_":0,"起点经":113.0752728,"起点纬":24.5560641,"起点年":"现代","终点经":113.091557,"终点纬":24.555854,"Shape_Leng":0.016301227193799998},"geometry":{"type":"LineString","coordinates":[[105.000888405225254,0.000253911398285],[105.000888533290393,0.000253909328726]]}},
{"type":"Feature","properties":{"OID_":0,"起点经":113.1159118,"起点纬":24.5316671,"起点年":"民国","终点经":113.114138,"终点纬":24.528503,"Shape_Leng":0.0036715105835300002},"geometry":{"type":"LineString","coordinates":[[105.000888724207883,0.000253659092265],[105.000888710065524,0.000253626003591]]}},
{"type":"Feature","properties":{"OID_":0,"起点经":113.599412,"起点纬":24.685894,"起点年":"清","终点经":113.35898,"终点纬":24.814771,"Shape_Leng":0.27277714137699999},"geometry":{"type":"LineString","coordinates":[[105.000892522961067,0.00025525351501],[105.000890634205632,0.000256586396454]]}},
{"type":"Feature","properties":{"OID_":0,"起点经":113.599412,"起点纬":24.685894,"起点年":"明","终点经":113.4041788,"终点纬":24.8408691,"Shape_Leng":0.24925496999},"geometry":{"type":"LineString","coordinates":[[105.000892522961067,0.00025525351501],[105.000890989332902,0.000256856272963]]}},
{"type":"Feature","properties":{"OID_":0,"起点经":113.599412,"起点纬":24.685894,"起点年":"清","终点经":113.3909258,"终点纬":24.8533141,"Shape_Leng":0.26738550633899999},"geometry":{"type":"LineString","coordinates":[[105.000892522961067,0.00025525351501],[105.00089088483891,0.000256984493358]]}},
{"type":"Feature","properties":{"OID_":0,"起点经":113.1159118,"起点纬":24.5316671,"起点年":"明","终点经":113.113017,"终点纬":24.525856,"Shape_Leng":0.00648459611516},"geometry":{"type":"LineString","coordinates":[[105.000888724207883,0.000253659092265],[105.000888701422895,0.000253599119012]]}},
{"type":"Feature","properties":{"OID_":0,"起点经":113.0549818,"起点纬":24.5015811,"起点年":"民国","终点经":113.124433,"终点纬":24.528013,"Shape_Leng":0.074251735166800004},"geometry":{"type":"LineString","coordinates":[[105.000888245729229,0.000253347856166],[105.000888790990075,0.000253620832527]]}},
{"type":"Feature","properties":{"OID_":0,"起点经":113.599412,"起点纬":24.685894,"起点年":"清","终点经":113.377539,"终点纬":24.851291,"Shape_Leng":0.27676121289099997},"geometry":{"type":"LineString","coordinates":[[105.000892522961067,0.00025525351501],[105.000890779558219,0.000256963814085]]}},
{"type":"Feature","properties":{"OID_":0,"起点经":113.599412,"起点纬":24.685894,"起点年":"清","终点经":113.358885,"终点纬":24.837469,"Shape_Leng":0.28429352759900001},"geometry":{"type":"LineString","coordinates":[[105.000892522961067,0.00025525351501],[105.000890633421534,0.000256821120267]]}},
{"type":"Feature","properties":{"OID_":0,"起点经":113.599412,"起点纬":24.685894,"起点年":"清","终点经":113.3786588,"终点纬":24.8522441,"Shape_Leng":0.27634069491899999},"geometry":{"type":"LineString","coordinates":[[105.000892522961067,0.00025525351501],[105.000890788986368,0.000256973120218]]}},
{"type":"Feature","properties":{"OID_":0,"起点经":113.25783,"起点纬":23.133245,"起点年":"清","终点经":113.28241,"终点纬":24.77587,"Shape_Leng":1.6428841861500001},"geometry":{"type":"LineString","coordinates":[[105.000889838983326,0.000239198228978],[105.000890032375239,0.000256184167554]]}},
{"type":"Feature","properties":{"OID_":0,"起点经":113.0846398,"起点纬":24.5734111,"起点年":"清","终点经":113.1377618,"终点纬":24.5440081,"Shape_Leng":0.060783220692599997},"geometry":{"type":"LineString","coordinates":[[105.000888478294328,0.000254090283848],[105.000888896271761,0.000253786275378]]}},
{"type":"Feature","properties":{"OID_":0,"起点经":113.599412,"起点纬":24.685894,"起点年":"清","终点经":113.407852,"终点纬":24.812506,"Shape_Leng":0.229564389319},"geometry":{"type":"LineString","coordinates":[[105.000892522961067,0.00025525351501],[105.000891018400921,0.000256562609318]]}},
{"type":"Feature","properties":{"OID_":0,"起点经":113.25783,"起点纬":23.133245,"起点年":"清","终点经":113.290002,"终点纬":24.772461,"Shape_Leng":1.6396162141099999},"geometry":{"type":"LineString","coordinates":[[105.000889838983326,0.000239198228978],[105.000890092086351,0.000256149009986]]}},
{"type":"Feature","properties":{"OID_":0,"起点经":113.0549818,"起点纬":24.5015811,"起点年":"明","终点经":113.1398898,"终点纬":24.5413751,"Shape_Leng":0.093765931416399995},"geometry":{"type":"LineString","coordinates":[[105.000888245729229,0.000253347856166],[105.000888912770748,0.000253759390522]]}},
{"type":"Feature","properties":{"OID_":0,"起点经":113.599412,"起点纬":24.685894,"起点年":"民国","终点经":113.3976978,"终点纬":24.7899721,"Shape_Leng":0.22697951297300001},"geometry":{"type":"LineString","coordinates":[[105.000892522961067,0.00025525351501],[105.000890938260397,0.000256329954477]]}},
{"type":"Feature","properties":{"OID_":0,"起点经":113.133578,"起点纬":24.533235,"起点年":"明","终点经":113.074274,"终点纬":24.506514,"Shape_Leng":0.065033685254399995},"geometry":{"type":"LineString","coordinates":[[105.000888863272607,0.000253674601018],[105.000888397365003,0.000253398521633]]}},
{"type":"Feature","properties":{"OID_":0,"起点经":113.068691,"起点纬":24.48499,"起点年":"民国","终点经":113.0854011,"终点纬":24.4979839,"Shape_Leng":0.0211634110773},"geometry":{"type":"LineString","coordinates":[[105.000888353365653,0.000253176206611],[105.000888484574418,0.000253310628395]]}},
{"type":"Feature","properties":{"OID_":0,"起点经":113.0830426,"起点纬":24.5746443,"起点年":"明","终点经":113.0761618,"终点纬":24.5052941,"Shape_Leng":0.069632822309900005},"geometry":{"type":"LineString","coordinates":[[105.000888465723591,0.000254102692317],[105.000888412292767,0.000253386113142]]}},
{"type":"Feature","properties":{"OID_":0,"起点经":113.0854011,"起点纬":24.4979839,"起点年":"现代","终点经":113.0866928,"终点纬":24.5088721,"Shape_Leng":0.0109772492686},"geometry":{"type":"LineString","coordinates":[[105.000888484574418,0.000253310628395],[105.000888494788967,0.000253423337107]]}},
{"type":"Feature","properties":{"OID_":0,"起点经":113.1418288,"起点纬":24.5498751,"起点年":"明","终点经":113.077468,"终点纬":24.504612,"Shape_Leng":0.078654816237199998},"geometry":{"type":"LineString","coordinates":[[105.000888927699208,0.000253847282551],[105.000888422506492,0.000253378874826]]}},
{"type":"Feature","properties":{"OID_":0,"起点经":113.0549818,"起点纬":24.5015811,"起点年":"清","终点经":113.0850928,"终点纬":24.5074781,"Shape_Leng":0.0306727884619},"geometry":{"type":"LineString","coordinates":[[105.000888245729229,0.000253347856166],[105.000888482218045,0.000253408860898]]}},
{"type":"Feature","properties":{"OID_":0,"起点经":113.038155,"起点纬":24.510863,"起点年":"现代","终点经":113.025418,"终点纬":24.530301,"Shape_Leng":0.023242200977199999},"geometry":{"type":"LineString","coordinates":[[105.000888113736352,0.000253444022084],[105.000888013171249,0.000253644624257]]}},
{"type":"Feature","properties":{"OID_":0,"起点经":113.0555087,"起点纬":24.6781983,"起点年":"明","终点经":113.1337198,"终点纬":24.5361251,"Shape_Leng":0.16219633030799999},"geometry":{"type":"LineString","coordinates":[[105.000888249670041,0.000255173945484],[105.000888864058467,0.000253704587745]]}},
{"type":"Feature","properties":{"OID_":0,"起点经":113.0555087,"起点纬":24.6781983,"起点年":"明","终点经":113.1320228,"终点纬":24.5345531,"Shape_Leng":0.162705899711},"geometry":{"type":"LineString","coordinates":[[105.000888249670041,0.000255173945484],[105.000888850701884,0.000253689077505]]}},
{"type":"Feature","properties":{"OID_":0,"起点经":113.0555087,"起点纬":24.6781983,"起点年":"明","终点经":113.13831,"终点纬":24.50974,"Shape_Leng":0.18774474704300001},"geometry":{"type":"LineString","coordinates":[[105.000888249670041,0.000255173945484],[105.000888900197737,0.000253431604537]]}},
{"type":"Feature","properties":{"OID_":0,"起点经":113.0555087,"起点纬":24.6781983,"起点年":"明","终点经":113.1467228,"终点纬":24.5307421,"Shape_Leng":0.17341767381100001},"geometry":{"type":"LineString","coordinates":[[105.000888249670041,0.000255173945484],[105.000888966195944,0.000253648749128]]}},
{"type":"Feature","properties":{"OID_":0,"起点经":113.0555087,"起点纬":24.6781983,"起点年":"明","终点经":113.12813,"终点纬":24.532896,"Shape_Leng":0.16242798384400001},"geometry":{"type":"LineString","coordinates":[[105.000888249670041,0.000255173945484],[105.000888820060425,0.000253671499447]]}},
{"type":"Feature","properties":{"OID_":0,"起点经":113.0555087,"起点纬":24.6781983,"起点年":"明","终点经":113.133578,"终点纬":24.533235,"Shape_Leng":0.164695506327},"geometry":{"type":"LineString","coordinates":[[105.000888249670041,0.000255173945484],[105.000888863272607,0.000253674601018]]}},
{"type":"Feature","properties":{"OID_":0,"起点经":113.0555087,"起点纬":24.6781983,"起点年":"明","终点经":113.149976,"终点纬":24.528539,"Shape_Leng":0.17703202978099999},"geometry":{"type":"LineString","coordinates":[[105.000888249670041,0.000255173945484],[105.000888992123095,0.000253626000262]]}},
{"type":"Feature","properties":{"OID_":0,"起点经":113.0555087,"起点纬":24.6781983,"起点年":"明","终点经":113.150323,"终点纬":24.526017,"Shape_Leng":0.17930945303599999},"geometry":{"type":"LineString","coordinates":[[105.000888249670041,0.000255173945484],[105.000888994479951,0.000253600149592]]}},
{"type":"Feature","properties":{"OID_":0,"起点经":113.599412,"起点纬":24.685894,"起点年":"民国","终点经":113.394261,"终点纬":24.796371,"Shape_Leng":0.232972659454},"geometry":{"type":"LineString","coordinates":[[105.000892522961067,0.00025525351501],[105.00089091154787,0.000256396132425]]}},
{"type":"Feature","properties":{"OID_":0,"起点经":113.743838,"起点纬":25.088603,"起点年":"明","终点经":113.361972,"终点纬":24.939393,"Shape_Leng":0.40991691835299998},"geometry":{"type":"LineString","coordinates":[[105.000893657505372,0.000259417522929],[105.00089065778468,0.000257874792136]]}},
{"type":"Feature","properties":{"OID_":0,"起点经":113.743838,"起点纬":25.088603,"起点年":"清","终点经":113.40903,"终点纬":24.905248,"Shape_Leng":0.381741533626},"geometry":{"type":"LineString","coordinates":[[105.000893657505372,0.000259417522929],[105.000891027049903,0.000257521151021]]}},
{"type":"Feature","properties":{"OID_":0,"起点经":113.743838,"起点纬":25.088603,"起点年":"清","终点经":113.417263,"终点纬":24.907184,"Shape_Leng":0.37350797730200003},"geometry":{"type":"LineString","coordinates":[[105.000893657505372,0.000259417522929],[105.000891092261114,0.000257541830749]]}},
{"type":"Feature","properties":{"OID_":0,"起点经":113.743838,"起点纬":25.088603,"起点年":"清","终点经":113.409651,"终点纬":24.898338,"Shape_Leng":0.38449564456699997},"geometry":{"type":"LineString","coordinates":[[105.000893657505372,0.000259417522929],[105.00089103254912,0.000257449803152]]}},
{"type":"Feature","properties":{"OID_":0,"起点经":113.743838,"起点纬":25.088603,"起点年":"清","终点经":113.4227758,"终点纬":24.9027001,"Shape_Leng":0.37094448246700001},"geometry":{"type":"LineString","coordinates":[[105.000893657505372,0.000259417522929],[105.000891135472969,0.000257495299086]]}},
{"type":"Feature","properties":{"OID_":0,"起点经":113.302379,"起点纬":24.940109,"起点年":"民国","终点经":113.3104648,"终点纬":24.9413391,"Shape_Leng":0.0081884056991799996},"geometry":{"type":"LineString","coordinates":[[105.000890189521954,0.000257882035856],[105.000890253161771,0.000257894443393]]}},
{"type":"Feature","properties":{"OID_":0,"起点经":113.287681,"起点纬":24.908989,"起点年":"民国","终点经":113.309751,"终点纬":24.918019,"Shape_Leng":0.023862311244300001},"geometry":{"type":"LineString","coordinates":[[105.000890074025435,0.000257560455221],[105.000890247660394,0.000257653515484]]}},
{"type":"Feature","properties":{"OID_":0,"起点经":113.288421,"起点纬":24.916369,"起点年":"清","终点经":113.311671,"终点纬":24.930725,"Shape_Leng":0.027338251153299999},"geometry":{"type":"LineString","coordinates":[[105.000890079525689,0.000257636973067],[105.000890262589152,0.000257784836562]]}},
{"type":"Feature","properties":{"OID_":0,"起点经":113.305814,"起点纬":24.997704,"起点年":"明","终点经":113.311804,"终点纬":24.923226,"Shape_Leng":0.074741220403099995},"geometry":{"type":"LineString","coordinates":[[105.000890216238986,0.000258477634316],[105.000890263374288,0.000257707284619]]}},
{"type":"Feature","properties":{"OID_":0,"起点经":113.4029488,"起点纬":24.8766123,"起点年":"民国","终点经":113.330525,"终点纬":24.922652,"Shape_Leng":0.085831054897499995},"geometry":{"type":"LineString","coordinates":[[105.000890979121635,0.000257225420213],[105.000890410295611,0.00025770211279]]}},
{"type":"Feature","properties":{"OID_":0,"起点经":113.282846,"起点纬":24.918861,"起点年":"清","终点经":113.321919,"终点纬":24.924607,"Shape_Leng":0.039513287635500001},"geometry":{"type":"LineString","coordinates":[[105.000890035528002,0.000257662824214],[105.000890342727629,0.00025772176004]]}},
{"type":"Feature","properties":{"OID_":0,"起点经":113.288421,"起点纬":24.916369,"起点年":"清","终点经":113.332352,"终点纬":24.930208,"Shape_Leng":0.046113338359100003},"geometry":{"type":"LineString","coordinates":[[105.000890079525689,0.000257636973067],[105.000890425224,0.000257779664511]]}},
{"type":"Feature","properties":{"OID_":0,"起点经":113.288421,"起点纬":24.916369,"起点年":"清","终点经":113.349996,"终点纬":24.939211,"Shape_Leng":0.065684091939699998},"geometry":{"type":"LineString","coordinates":[[105.000890079525689,0.000257636973067],[105.000890563503589,0.000257872725184]]}},
{"type":"Feature","properties":{"OID_":0,"起点经":113.288421,"起点纬":24.916369,"起点年":"清","终点经":113.329218,"终点纬":24.949665,"Shape_Leng":0.0526643121127},"geometry":{"type":"LineString","coordinates":[[105.000890079525689,0.000257636973067],[105.000890400083748,0.000257981299826]]}},
{"type":"Feature","properties":{"OID_":0,"起点经":113.244924,"起点纬":25.001284,"起点年":"清","终点经":113.342942,"终点纬":24.949543,"Shape_Leng":0.110847824431},"geometry":{"type":"LineString","coordinates":[[105.000889737762691,0.000258514864873],[105.000890507721309,0.000257979230489]]}},
{"type":"Feature","properties":{"OID_":0,"起点经":113.743838,"起点纬":25.088603,"起点年":"明","终点经":113.407865,"终点纬":24.910426,"Shape_Leng":0.380242091713},"geometry":{"type":"LineString","coordinates":[[105.000893657505372,0.000259417522929],[105.000891018407842,0.000257574920444]]}},
{"type":"Feature","properties":{"OID_":0,"起点经":113.270909,"起点纬":24.935553,"起点年":"明","终点经":113.362473,"终点纬":24.930168,"Shape_Leng":0.091759033118000002},"geometry":{"type":"LineString","coordinates":[[105.000889942033766,0.000257835507622],[105.000890661712404,0.000257779661725]]}},
{"type":"Feature","properties":{"OID_":0,"起点经":113.177706,"起点纬":24.927669,"起点年":"清","终点经":113.40141,"终点纬":24.892212,"Shape_Leng":0.22649931384200001},"geometry":{"type":"LineString","coordinates":[[105.000889209783395,0.000257753828211],[105.000890967337611,0.000257386728372]]}},
{"type":"Feature","properties":{"OID_":0,"起点经":113.743838,"起点纬":25.088603,"起点年":"清","终点经":113.4064148,"终点纬":24.9147501,"Shape_Leng":0.37953287125399998},"geometry":{"type":"LineString","coordinates":[[105.000893657505372,0.000259417522929],[105.000891006622979,0.000257620417721]]}},
{"type":"Feature","properties":{"OID_":0,"起点经":113.185432,"起点纬":24.733359,"起点年":"现代","终点经":113.3967898,"终点纬":24.8887311,"Shape_Leng":0.26231288434799999},"geometry":{"type":"LineString","coordinates":[[105.000889270266754,0.000255744715643],[105.000890931196281,0.000257350537894]]}},
{"type":"Feature","properties":{"OID_":0,"起点经":113.743838,"起点纬":25.088603,"起点年":"清","终点经":113.405138,"终点纬":24.969577,"Shape_Leng":0.358996782884},"geometry":{"type":"LineString","coordinates":[[105.000893657505372,0.000259417522929],[105.000890996413062,0.000258187063886]]}},
{"type":"Feature","properties":{"OID_":0,"起点经":113.4029488,"起点纬":24.8766123,"起点年":"现代","终点经":113.4010318,"终点纬":24.8629831,"Shape_Leng":0.0137320792205},"geometry":{"type":"LineString","coordinates":[[105.000890979121635,0.000257225420213],[105.000890964192848,0.000257084792902]]}},
{"type":"Feature","properties":{"OID_":0,"起点经":113.4029488,"起点纬":24.8766123,"起点年":"现代","终点经":113.4026338,"终点纬":24.8619141,"Shape_Leng":0.0147030610317},"geometry":{"type":"LineString","coordinates":[[105.000890979121635,0.000257225420213],[105.000890976763586,0.000257073418475]]}},
{"type":"Feature","properties":{"OID_":0,"起点经":113.743838,"起点纬":25.088603,"起点年":"清","终点经":113.414247,"终点纬":24.939906,"Shape_Leng":0.36159072095799999},"geometry":{"type":"LineString","coordinates":[[105.000893657505372,0.000259417522929],[105.000891067907475,0.000257879957441]]}},
{"type":"Feature","properties":{"OID_":0,"起点经":113.185432,"起点纬":24.733359,"起点年":"现代","终点经":113.390004,"终点纬":24.877307,"Shape_Leng":0.25013670146400002},"geometry":{"type":"LineString","coordinates":[[105.000889270266754,0.000255744715643],[105.000890877769521,0.000257232659605]]}},
{"type":"Feature","properties":{"OID_":0,"起点经":113.140396,"起点纬":24.986726,"起点年":"现代","终点经":113.4065198,"终点纬":24.8637721,"Shape_Leng":0.29311025276399999},"geometry":{"type":"LineString","coordinates":[[105.00088891673046,0.000258363906831],[105.000891007405073,0.000257093064627]]}},
{"type":"Feature","properties":{"OID_":0,"起点经":113.325329,"起点纬":24.894025,"起点年":"现代","终点经":113.384998,"终点纬":24.880318,"Shape_Leng":0.061251776491799997},"geometry":{"type":"LineString","coordinates":[[105.000890369438466,0.000257405347906],[105.000890838485958,0.00025726368085]]}},
{"type":"Feature","properties":{"OID_":0,"起点经":113.325329,"起点纬":24.894025,"起点年":"现代","终点经":113.3861118,"终点纬":24.8778331,"Shape_Leng":0.062921221684600001},"geometry":{"type":"LineString","coordinates":[[105.000890369438466,0.000257405347906],[105.000890847128204,0.000257237830103]]}},
{"type":"Feature","properties":{"OID_":0,"起点经":113.743838,"起点纬":25.088603,"起点年":"清","终点经":113.4141178,"终点纬":24.9356441,"Shape_Leng":0.36347089342200001},"geometry":{"type":"LineString","coordinates":[[105.000893657505372,0.000259417522929],[105.000891067121472,0.000257835494317]]}},
{"type":"Feature","properties":{"OID_":0,"起点经":113.286934,"起点纬":24.872628,"起点年":"现代","终点经":113.3402038,"终点纬":24.8358081,"Shape_Leng":0.064769824282700006},"geometry":{"type":"LineString","coordinates":[[105.000890067737444,0.000257184069967],[105.000890486500055,0.000256803543585]]}},
{"type":"Feature","properties":{"OID_":0,"起点经":113.743838,"起点纬":25.088603,"起点年":"清","终点经":113.305483,"终点纬":24.723776,"Shape_Leng":0.57025075994700003},"geometry":{"type":"LineString","coordinates":[[105.000893657505372,0.000259417522929],[105.000890213862675,0.000255645438035]]}},
{"type":"Feature","properties":{"OID_":0,"起点经":112.892231,"起点纬":23.159532,"起点年":"明","终点经":113.06341,"终点纬":24.527655,"Shape_Leng":1.3788693487599999},"geometry":{"type":"LineString","coordinates":[[105.000886966554901,0.000239470211611],[105.000888311727834,0.000253617736105]]}},
{"type":"Feature","properties":{"OID_":0,"起点经":116.414627,"起点纬":25.052507,"起点年":"南宋","终点经":113.26246,"终点纬":25.041112,"Shape_Leng":3.1521206152899999},"geometry":{"type":"LineString","coordinates":[[105.000914641331903,0.000259043988184],[105.000889876044425,0.000258926405454]]}},
{"type":"Feature","properties":{"OID_":0,"起点经":116.414627,"起点纬":25.052507,"起点年":"南宋","终点经":113.263623,"终点纬":25.042881,"Shape_Leng":3.1510146244300001},"geometry":{"type":"LineString","coordinates":[[105.000914641331903,0.000259043988184],[105.000889884686984,0.000258945017809]]}},
{"type":"Feature","properties":{"OID_":0,"起点经":116.414627,"起点纬":25.052507,"起点年":"南宋","终点经":113.2633198,"终点纬":25.0285171,"Shape_Leng":3.1513913877},"geometry":{"type":"LineString","coordinates":[[105.000914641331903,0.000259043988184],[105.000889882328963,0.000258796118141]]}},
{"type":"Feature","properties":{"OID_":0,"起点经":116.414627,"起点纬":25.052507,"起点年":"明","终点经":113.0914698,"终点纬":24.9798941,"Shape_Leng":3.3238929546799998},"geometry":{"type":"LineString","coordinates":[[105.000914641331903,0.000259043988184],[105.000888532534518,0.000258293597587]]}},
{"type":"Feature","properties":{"OID_":0,"起点经":113.2655728,"起点纬":24.9153781,"起点年":"明","终点经":113.2655728,"终点纬":24.9153781,"Shape_Leng":0.0},"geometry":null},
{"type":"Feature","properties":{"OID_":0,"起点经":116.414627,"起点纬":25.052507,"起点年":"明","终点经":113.1692899,"终点纬":24.9702572,"Shape_Leng":3.2463408510799998},"geometry":{"type":"LineString","coordinates":[[105.000914641331903,0.000259043988184],[105.000889143789621,0.000258194323929]]}},
{"type":"Feature","properties":{"OID_":0,"起点经":113.177706,"起点纬":24.927669,"起点年":"清","终点经":113.208534,"终点纬":24.904229,"Shape_Leng":0.038741321553000002},"geometry":{"type":"LineString","coordinates":[[105.000889209783395,0.000257753828211],[105.000889451769879,0.000257510829322]]}},
{"type":"Feature","properties":{"OID_":0,"起点经":113.226065,"起点纬":24.828612,"起点年":"民国","终点经":113.188462,"终点纬":24.832093,"Shape_Leng":0.037762550805899998},"geometry":{"type":"LineString","coordinates":[[105.000889590043485,0.000256729104299],[105.00088929462963,0.000256765298683]]}},
{"type":"Feature","properties":{"OID_":0,"起点经":116.414627,"起点纬":25.052507,"起点年":"明","终点经":113.170578,"终点纬":24.971779,"Shape_Leng":3.2450036184200002},"geometry":{"type":"LineString","coordinates":[[105.000914641331903,0.000259043988184],[105.000889154003517,0.000258209834202]]}},
{"type":"Feature","properties":{"OID_":0,"起点经":113.239096,"起点纬":24.887393,"起点年":"现代","终点经":113.206823,"终点纬":24.887377,"Shape_Leng":0.032300002872899997},"geometry":{"type":"LineString","coordinates":[[105.000889692185496,0.000257337110208],[105.000889438412187,0.000257337113171]]}},
{"type":"Feature","properties":{"OID_":0,"起点经":113.200245,"起点纬":24.739603,"起点年":"清","终点经":113.1871818,"终点纬":24.7358971,"Shape_Leng":0.0135162867943},"geometry":{"type":"LineString","coordinates":[[105.000889386547186,0.000255808823854],[105.00088928440907,0.000255770566113]]}},
{"type":"Feature","properties":{"OID_":0,"起点经":113.074589,"起点纬":24.9834,"起点年":"现代","终点经":113.1476338,"终点纬":24.8116721,"Shape_Leng":0.186574086586},"geometry":{"type":"LineString","coordinates":[[105.000888399755553,0.000258329790051],[105.000888973286806,0.00025655436124]]}},
{"type":"Feature","properties":{"OID_":0,"起点经":113.122003,"起点纬":25.026007,"起点年":"现代","终点经":113.180355,"终点纬":24.739276,"Shape_Leng":0.29258750786299997},"geometry":{"type":"LineString","coordinates":[[105.000888772168892,0.000258770280598],[105.000889230983361,0.000255805723604]]}},
{"type":"Feature","properties":{"OID_":0,"起点经":113.25783,"起点纬":23.133245,"起点年":"清","终点经":113.2908088,"终点纬":24.7734641,"Shape_Leng":1.64063191797},"geometry":{"type":"LineString","coordinates":[[105.000889838983326,0.000239198228978],[105.000890098371841,0.000256159350183]]}},
{"type":"Feature","properties":{"OID_":0,"起点经":113.134324,"起点纬":24.720255,"起点年":"现代","终点经":113.135823,"终点纬":24.718965,"Shape_Leng":0.0019849431896799999},"geometry":{"type":"LineString","coordinates":[[105.000888868785509,0.000255609263003],[105.000888880570542,0.000255595820525]]}},
{"type":"Feature","properties":{"OID_":0,"起点经":116.414627,"起点纬":25.052507,"起点年":"明","终点经":113.1679478,"终点纬":24.9712781,"Shape_Leng":3.24771524769},"geometry":{"type":"LineString","coordinates":[[105.000914641331903,0.000259043988184],[105.000889132790221,0.000258204664325]]}},
{"type":"Feature","properties":{"OID_":0,"起点经":116.414627,"起点纬":25.052507,"起点年":"明","终点经":113.101856,"终点纬":24.948318,"Shape_Leng":3.3143383846200001},"geometry":{"type":"LineString","coordinates":[[105.000914641331903,0.000259043988184],[105.000888614242584,0.000257966844523]]}},
{"type":"Feature","properties":{"OID_":0,"起点经":116.414627,"起点纬":25.052507,"起点年":"明","终点经":113.1084398,"终点纬":24.9444221,"Shape_Leng":3.3079667560499999},"geometry":{"type":"LineString","coordinates":[[105.000914641331903,0.000259043988184],[105.000888665311223,0.000257926516912]]}},
{"type":"Feature","properties":{"OID_":0,"起点经":119.291596,"起点纬":26.077379,"起点年":"明","终点经":113.207954,"终点纬":25.042273,"Shape_Leng":6.1710307862200002},"geometry":{"type":"LineString","coordinates":[[105.000937245300491,0.000269641439189],[105.000889447851208,0.000258938818828]]}},
{"type":"Feature","properties":{"OID_":0,"起点经":113.26504,"起点纬":24.939832,"起点年":"现代","终点经":113.216224,"终点纬":24.914407,"Shape_Leng":0.055014542554599997},"geometry":{"type":"LineString","coordinates":[[105.000889895679194,0.000257878937225],[105.000889512267634,0.000257616299242]]}},
{"type":"Feature","properties":{"OID_":0,"起点经":119.291596,"起点纬":26.077379,"起点年":"明","终点经":113.220674,"终点纬":25.034664,"Shape_Leng":6.1597930247599999},"geometry":{"type":"LineString","coordinates":[[105.000937245300491,0.000269641439189],[105.000889547631488,0.000258860231678]]}},
{"type":"Feature","properties":{"OID_":0,"起点经":119.291596,"起点纬":26.077379,"起点年":"清","终点经":113.074589,"终点纬":24.9834,"Shape_Leng":6.3125212872000001},"geometry":{"type":"LineString","coordinates":[[105.000937245300491,0.000269641439189],[105.000888399755553,0.000258329790051]]}},
{"type":"Feature","properties":{"OID_":0,"起点经":113.254933,"起点纬":24.935432,"起点年":"明","终点经":113.26504,"终点纬":24.939832,"Shape_Leng":0.0110168049744},"geometry":{"type":"LineString","coordinates":[[105.000889816325625,0.000257833441047],[105.000889895679194,0.000257878937225]]}},
{"type":"Feature","properties":{"OID_":0,"起点经":113.226065,"起点纬":24.828612,"起点年":"现代","终点经":113.2860648,"终点纬":24.8053111,"Shape_Leng":0.064365284256399993},"geometry":{"type":"LineString","coordinates":[[105.000889590043485,0.000256729104299],[105.000890061447308,0.000256488170764]]}},
{"type":"Feature","properties":{"OID_":0,"起点经":113.2534538,"起点纬":24.8418061,"起点年":"清","终点经":113.263891,"终点纬":24.825864,"Shape_Leng":0.018999211034},"geometry":{"type":"LineString","coordinates":[[105.000889805319574,0.000256865593134],[105.000889887028734,0.000256701182105]]}},
{"type":"Feature","properties":{"OID_":0,"起点经":113.260502,"起点纬":24.858091,"起点年":"民国","终点经":113.280264,"终点纬":24.803905,"Shape_Leng":0.057703379535400001},"geometry":{"type":"LineString","coordinates":[[105.000889860318011,0.000257034138676],[105.000890015877999,0.000256473694932]]}},
{"type":"Feature","properties":{"OID_":0,"起点经":119.291596,"起点纬":26.077379,"起点年":"清","终点经":113.0869588,"终点纬":24.9729141,"Shape_Leng":6.3021410167500003},"geometry":{"type":"LineString","coordinates":[[105.000937245300491,0.000269641439189],[105.000888497178636,0.000258221216219]]}},
{"type":"Feature","properties":{"OID_":0,"起点经":113.240934,"起点纬":24.878014,"起点年":"民国","终点经":113.248939,"终点纬":24.832584,"Shape_Leng":0.046099457182499998},"geometry":{"type":"LineString","coordinates":[[105.000889706326959,0.000257239911591],[105.000889769177832,0.000256770463222]]}},
{"type":"Feature","properties":{"OID_":0,"起点经":119.291596,"起点纬":26.077379,"起点年":"清","终点经":113.073311,"终点纬":24.965639,"Shape_Leng":6.3169101725500001},"geometry":{"type":"LineString","coordinates":[[105.000937245300491,0.000269641439189],[105.000888389540535,0.000258145733603]]}},
{"type":"Feature","properties":{"OID_":0,"起点经":116.414627,"起点纬":25.052507,"起点年":"明","终点经":113.1127318,"终点纬":24.9585501,"Shape_Leng":3.3032349017299998},"geometry":{"type":"LineString","coordinates":[[105.000914641331903,0.000259043988184],[105.000888699096294,0.000258073348152]]}},
{"type":"Feature","properties":{"OID_":0,"起点经":113.262749,"起点纬":24.819674,"起点年":"清","终点经":113.239005,"终点纬":24.826899,"Shape_Leng":0.024769536612000001},"geometry":{"type":"LineString","coordinates":[[105.000889877600187,0.000256637072629],[105.000889691395543,0.000256711524665]]}},
{"type":"Feature","properties":{"OID_":0,"起点经":119.291596,"起点纬":26.077379,"起点年":"清","终点经":113.085539,"终点纬":24.961519,"Shape_Leng":6.3056252698000002},"geometry":{"type":"LineString","coordinates":[[105.000937245300491,0.000269641439189],[105.000888485392665,0.00025810333742]]}},
{"type":"Feature","properties":{"OID_":0,"起点经":113.226065,"起点纬":24.828612,"起点年":"现代","终点经":113.205829,"终点纬":24.806534,"Shape_Leng":0.0300083325762},"geometry":{"type":"LineString","coordinates":[[105.000889590043485,0.000256729104299],[105.000889430549748,0.000256500586513]]}},
{"type":"Feature","properties":{"OID_":0,"起点经":116.414627,"起点纬":25.052507,"起点年":"明","终点经":113.0909288,"终点纬":24.9477061,"Shape_Leng":3.3253518200799999},"geometry":{"type":"LineString","coordinates":[[105.000914641331903,0.000259043988184],[105.000888527818205,0.000257960641382]]}},
{"type":"Feature","properties":{"OID_":0,"起点经":119.291596,"起点纬":26.077379,"起点年":"清","终点经":113.063204,"终点纬":24.980967,"Shape_Leng":6.3241647285100004},"geometry":{"type":"LineString","coordinates":[[105.000937245300491,0.000269641439189],[105.000888310188358,0.000258304974489]]}},
{"type":"Feature","properties":{"OID_":0,"起点经":119.291596,"起点纬":26.077379,"起点年":"明","终点经":113.0632728,"终点纬":24.9579421,"Shape_Leng":6.3281119742299996},"geometry":{"type":"LineString","coordinates":[[105.000937245300491,0.000269641439189],[105.0008883109724,0.000258066114553]]}},
{"type":"Feature","properties":{"OID_":0,"起点经":119.291596,"起点纬":26.077379,"起点年":"明","终点经":113.048673,"终点纬":24.973228,"Shape_Leng":6.3397995266200002},"geometry":{"type":"LineString","coordinates":[[105.000937245300491,0.000269641439189],[105.000888196264825,0.000258224321829]]}},
{"type":"Feature","properties":{"OID_":0,"起点经":119.291596,"起点纬":26.077379,"起点年":"清","终点经":113.062017,"终点纬":24.958414,"Shape_Leng":6.3293030559399996},"geometry":{"type":"LineString","coordinates":[[105.000937245300491,0.000269641439189],[105.000888300758646,0.000258071284807]]}},
{"type":"Feature","properties":{"OID_":0,"起点经":119.291596,"起点纬":26.077379,"起点年":"清","终点经":113.107291,"终点纬":25.00472,"Shape_Leng":6.27664335453},"geometry":{"type":"LineString","coordinates":[[105.000937245300491,0.000269641439189],[105.000888656673027,0.000258550034515]]}},
{"type":"Feature","properties":{"OID_":0,"起点经":119.291596,"起点纬":26.077379,"起点年":"清","终点经":113.091693,"终点纬":25.003056,"Shape_Leng":6.2922873833699997},"geometry":{"type":"LineString","coordinates":[[105.000937245300491,0.000269641439189],[105.000888534107489,0.000258533491531]]}},
{"type":"Feature","properties":{"OID_":0,"起点经":119.291596,"起点纬":26.077379,"起点年":"清","终点经":113.092556,"终点纬":24.997366,"Shape_Leng":6.2923764200800001},"geometry":{"type":"LineString","coordinates":[[105.000937245300491,0.000269641439189],[105.000888541178185,0.000258474551976]]}},
{"type":"Feature","properties":{"OID_":0,"起点经":119.291596,"起点纬":26.077379,"起点年":"清","终点经":113.116967,"终点纬":24.991126,"Shape_Leng":6.2694284322199998},"geometry":{"type":"LineString","coordinates":[[105.000937245300491,0.000269641439189],[105.000888732882629,0.000258409406106]]}},
{"type":"Feature","properties":{"OID_":0,"起点经":119.291596,"起点纬":26.077379,"起点年":"清","终点经":113.1015258,"终点纬":25.0028221,"Shape_Leng":6.2826827996699999},"geometry":{"type":"LineString","coordinates":[[105.000937245300491,0.000269641439189],[105.000888611103719,0.000258530388529]]}},
{"type":"Feature","properties":{"OID_":0,"起点经":119.291596,"起点纬":26.077379,"起点年":"清","终点经":113.111079,"终点纬":24.997125,"Shape_Leng":6.2742034034499996},"geometry":{"type":"LineString","coordinates":[[105.000937245300491,0.000269641439189],[105.000888686528185,0.000258471448197]]}},
{"type":"Feature","properties":{"OID_":0,"起点经":116.414627,"起点纬":25.052507,"起点年":"明","终点经":113.116074,"终点纬":24.967508,"Shape_Leng":3.2995950144599999},"geometry":{"type":"LineString","coordinates":[[105.000914641331903,0.000259043988184],[105.000888725809872,0.000258165376138]]}},
{"type":"Feature","properties":{"OID_":0,"起点经":119.291596,"起点纬":26.077379,"起点年":"清","终点经":113.115834,"终点纬":24.954657,"Shape_Leng":6.2770184739900001},"geometry":{"type":"LineString","coordinates":[[105.000937245300491,0.000269641439189],[105.000888723451979,0.000258033020874]]}},
{"type":"Feature","properties":{"OID_":0,"起点经":116.414627,"起点纬":25.052507,"起点年":"明","终点经":113.106528,"终点纬":24.953909,"Shape_Leng":3.3095690913100002},"geometry":{"type":"LineString","coordinates":[[105.000914641331903,0.000259043988184],[105.00088865038407,0.000258024749537]]}},
{"type":"Feature","properties":{"OID_":0,"起点经":119.291596,"起点纬":26.077379,"起点年":"清","终点经":113.1064038,"终点纬":24.9941641,"Shape_Leng":6.27933286741},"geometry":{"type":"LineString","coordinates":[[105.000937245300491,0.000269641439189],[105.000888649601222,0.00025844146187]]}},
{"type":"Feature","properties":{"OID_":0,"起点经":116.414627,"起点纬":25.052507,"起点年":"明","终点经":113.183623,"终点纬":24.931137,"Shape_Leng":3.2332799062299999},"geometry":{"type":"LineString","coordinates":[[105.000914641331903,0.000259043988184],[105.000889256138507,0.000257788984548]]}},
{"type":"Feature","properties":{"OID_":0,"起点经":119.291596,"起点纬":26.077379,"起点年":"清","终点经":113.099303,"终点纬":25.01062,"Shape_Leng":6.2835214268400001},"geometry":{"type":"LineString","coordinates":[[105.000937245300491,0.000269641439189],[105.000888593819397,0.000258611042742]]}},
{"type":"Feature","properties":{"OID_":0,"起点经":119.291596,"起点纬":26.077379,"起点年":"清","终点经":113.1053948,"终点纬":24.9931831,"Shape_Leng":6.2804904333299998},"geometry":{"type":"LineString","coordinates":[[105.000937245300491,0.000269641439189],[105.000888641744396,0.000258431121729]]}},
{"type":"Feature","properties":{"OID_":0,"起点经":119.291596,"起点纬":26.077379,"起点年":"清","终点经":113.102608,"终点纬":25.003277,"Shape_Leng":6.2815134960599996},"geometry":{"type":"LineString","coordinates":[[105.000937245300491,0.000269641439189],[105.000888619746192,0.000258535558583]]}},
{"type":"Feature","properties":{"OID_":0,"起点经":113.4032678,"起点纬":24.9042671,"起点年":"现代","终点经":113.40763,"终点纬":24.902809,"Shape_Leng":0.0045541206855200002},"geometry":{"type":"LineString","coordinates":[[105.000890982266284,0.000257511845288],[105.000891016050261,0.000257496334515]]}},
{"type":"Feature","properties":{"OID_":0,"起点经":119.291596,"起点纬":26.077379,"起点年":"明","终点经":113.168117,"终点纬":24.967605,"Shape_Leng":6.2232554421200001},"geometry":{"type":"LineString","coordinates":[[105.000937245300491,0.000269641439189],[105.000889134361316,0.000258166405341]]}},
{"type":"Feature","properties":{"OID_":0,"起点经":119.291596,"起点纬":26.077379,"起点年":"明","终点经":113.138791,"终点纬":24.985412,"Shape_Leng":6.2489528607000002},"geometry":{"type":"LineString","coordinates":[[105.000937245300491,0.000269641439189],[105.000888904159538,0.000258350464631]]}},
{"type":"Feature","properties":{"OID_":0,"起点经":113.195226,"起点纬":24.92321,"起点年":"清","终点经":113.410279,"终点纬":24.895932,"Shape_Leng":0.21682550743500001},"geometry":{"type":"LineString","coordinates":[[105.000889347276328,0.000257707295427],[105.000891037263031,0.000257424986491]]}},
{"type":"Feature","properties":{"OID_":0,"起点经":116.414627,"起点纬":25.052507,"起点年":"明","终点经":113.144271,"终点纬":25.087447,"Shape_Leng":3.2704862185699999},"geometry":{"type":"LineString","coordinates":[[105.000914641331903,0.000259043988184],[105.000888947378897,0.000259405170265]]}},
{"type":"Feature","properties":{"OID_":0,"起点经":116.414627,"起点纬":25.052507,"起点年":"明","终点经":113.100333,"终点纬":25.057553,"Shape_Leng":3.3143039245699999},"geometry":{"type":"LineString","coordinates":[[105.000914641331903,0.000259043988184],[105.000888601679449,0.000259097034694]]}},
{"type":"Feature","properties":{"OID_":0,"起点经":116.414627,"起点纬":25.052507,"起点年":"明","终点经":113.120831,"终点纬":25.030888,"Shape_Leng":3.2938708233199998},"geometry":{"type":"LineString","coordinates":[[105.000914641331903,0.000259043988184],[105.000888762741113,0.000258820947974]]}},
{"type":"Feature","properties":{"OID_":0,"起点经":116.414627,"起点纬":25.052507,"起点年":"明","终点经":113.1407368,"终点纬":24.9425561,"Shape_Leng":3.27574406973},"geometry":{"type":"LineString","coordinates":[[105.000914641331903,0.000259043988184],[105.000888919084403,0.000257907901473]]}},
{"type":"Feature","properties":{"OID_":0,"起点经":116.414627,"起点纬":25.052507,"起点年":"明","终点经":113.155646,"终点纬":25.0871,"Shape_Leng":3.2591836642700001},"geometry":{"type":"LineString","coordinates":[[105.000914641331903,0.000259043988184],[105.000889036160245,0.000259402067163]]}},
{"type":"Feature","properties":{"OID_":0,"起点经":116.414627,"起点纬":25.052507,"起点年":"明","终点经":113.1444368,"终点纬":24.5414691,"Shape_Leng":3.3098835379499998},"geometry":{"type":"LineString","coordinates":[[105.000914641331903,0.000259043988184],[105.000888948126189,0.000253760424131]]}},
{"type":"Feature","properties":{"OID_":0,"起点经":119.291596,"起点纬":26.077379,"起点年":"明","终点经":113.1400898,"终点纬":24.9882391,"Shape_Leng":6.2471840784200001},"geometry":{"type":"LineString","coordinates":[[105.000937245300491,0.000269641439189],[105.000888914373519,0.000258379417193]]}},
{"type":"Feature","properties":{"OID_":0,"起点经":116.414627,"起点纬":25.052507,"起点年":"明","终点经":113.288421,"终点纬":24.916369,"Shape_Leng":3.1291611714999998},"geometry":{"type":"LineString","coordinates":[[105.000914641331903,0.000259043988184],[105.000890079525689,0.000257636973067]]}},
{"type":"Feature","properties":{"OID_":0,"起点经":116.414627,"起点纬":25.052507,"起点年":"清","终点经":113.282846,"终点纬":24.918861,"Shape_Leng":3.1346483371699998},"geometry":{"type":"LineString","coordinates":[[105.000914641331903,0.000259043988184],[105.000890035528002,0.000257662824214]]}},
{"type":"Feature","properties":{"OID_":0,"起点经":113.3968395,"起点纬":24.873349,"起点年":"现代","终点经":113.406087,"终点纬":24.896693,"Shape_Leng":0.025180350113500002},"geometry":{"type":"LineString","coordinates":[[105.000890931195201,0.000257191297951],[105.000891004264702,0.000257433259103]]}},
{"type":"Feature","properties":{"OID_":0,"起点经":119.291596,"起点纬":26.077379,"起点年":"明","终点经":113.13478,"终点纬":25.010248,"Shape_Leng":6.2486080131300001},"geometry":{"type":"LineString","coordinates":[[105.000937245300491,0.000269641439189],[105.000888872734251,0.000258606903356]]}},
{"type":"Feature","properties":{"OID_":0,"起点经":116.414627,"起点纬":25.052507,"起点年":"清","终点经":113.284305,"终点纬":24.921053,"Shape_Leng":3.1330566627500001},"geometry":{"type":"LineString","coordinates":[[105.000914641331903,0.000259043988184],[105.000890047313305,0.000257685572625]]}},
{"type":"Feature","properties":{"OID_":0,"起点经":113.172606,"起点纬":24.994484,"起点年":"现代","终点经":113.3857838,"终点纬":25.0128561,"Shape_Leng":0.213992522455},"geometry":{"type":"LineString","coordinates":[[105.000889169718619,0.000258444557837],[105.000890844780699,0.000258634798796]]}},
{"type":"Feature","properties":{"OID_":0,"起点经":116.414627,"起点纬":25.052507,"起点年":"明","终点经":113.324407,"终点纬":24.895156,"Shape_Leng":3.0942009189799999},"geometry":{"type":"LineString","coordinates":[[105.000914641331903,0.000259043988184],[105.000890362367471,0.000257417756298]]}},
{"type":"Feature","properties":{"OID_":0,"起点经":119.291596,"起点纬":26.077379,"起点年":"明","终点经":113.141214,"终点纬":24.989433,"Shape_Leng":6.2458917840500003},"geometry":{"type":"LineString","coordinates":[[105.000937245300491,0.000269641439189],[105.000888923016049,0.00025839182544]]}},
{"type":"Feature","properties":{"OID_":0,"起点经":119.291596,"起点纬":26.077379,"起点年":"明","终点经":113.126015,"终点纬":24.954426,"Shape_Leng":6.2670369698600004},"geometry":{"type":"LineString","coordinates":[[105.000937245300491,0.000269641439189],[105.000888803590868,0.00025802991786]]}},
{"type":"Feature","properties":{"OID_":0,"起点经":116.414627,"起点纬":25.052507,"起点年":"明","终点经":113.2613898,"终点纬":24.9024501,"Shape_Leng":3.1567657885},"geometry":{"type":"LineString","coordinates":[[105.000914641331903,0.000259043988184],[105.000889867392232,0.000257493245983]]}},
{"type":"Feature","properties":{"OID_":0,"起点经":119.291596,"起点纬":26.077379,"起点年":"清","终点经":113.155769,"终点纬":24.917527,"Shape_Leng":6.2444703259800001},"geometry":{"type":"LineString","coordinates":[[105.000937245300491,0.000269641439189],[105.000889037719659,0.000257648359623]]}},
{"type":"Feature","properties":{"OID_":0,"起点经":119.291596,"起点纬":26.077379,"起点年":"明","终点经":113.181998,"终点纬":24.96187,"Shape_Leng":6.210600004},"geometry":{"type":"LineString","coordinates":[[105.000937245300491,0.000269641439189],[105.000889243569844,0.000258107464577]]}},
{"type":"Feature","properties":{"OID_":0,"起点经":119.291596,"起点纬":26.077379,"起点年":"清","终点经":113.1602118,"终点纬":24.9601111,"Shape_Leng":6.2323691525599996},"geometry":{"type":"LineString","coordinates":[[105.000937245300491,0.000269641439189],[105.000889072292395,0.000258088854164]]}},
{"type":"Feature","properties":{"OID_":0,"起点经":119.291596,"起点纬":26.077379,"起点年":"明","终点经":113.208291,"终点纬":24.938253,"Shape_Leng":6.18902962701},"geometry":{"type":"LineString","coordinates":[[105.000937245300491,0.000269641439189],[105.000889450200901,0.000257863432112]]}},
{"type":"Feature","properties":{"OID_":0,"起点经":116.414627,"起点纬":25.052507,"起点年":"明","终点经":113.2607428,"终点纬":24.9042251,"Shape_Leng":3.1573846942800001},"geometry":{"type":"LineString","coordinates":[[105.000914641331903,0.000259043988184],[105.000889861892603,0.000257510824495]]}},
{"type":"Feature","properties":{"OID_":0,"起点经":116.414627,"起点纬":25.052507,"起点年":"明","终点经":113.2596288,"终点纬":24.9036251,"Shape_Leng":3.1585117092799999},"geometry":{"type":"LineString","coordinates":[[105.000914641331903,0.000259043988184],[105.000889853250143,0.000257504620444]]}},
{"type":"Feature","properties":{"OID_":0,"起点经":116.414627,"起点纬":25.052507,"起点年":"明","终点经":113.2598118,"终点纬":24.9039921,"Shape_Leng":3.1582930990800002},"geometry":{"type":"LineString","coordinates":[[105.000914641331903,0.000259043988184],[105.000889854821509,0.000257508756511]]}},
{"type":"Feature","properties":{"OID_":0,"起点经":116.414627,"起点纬":25.052507,"起点年":"明","终点经":113.2600698,"终点纬":24.9041471,"Shape_Leng":3.1579887288},"geometry":{"type":"LineString","coordinates":[[105.000914641331903,0.000259043988184],[105.000889857178549,0.000257509790542]]}},
{"type":"Feature","properties":{"OID_":0,"起点经":113.4331322,"起点纬":24.9850688,"起点年":"清","终点经":113.4401428,"终点纬":24.9715921,"Shape_Leng":0.0152069063074},"geometry":{"type":"LineString","coordinates":[[105.000891216403389,0.000258347335274],[105.000891271399723,0.000258207741162]]}},
{"type":"Feature","properties":{"OID_":0,"起点经":113.4331322,"起点纬":24.9850688,"起点年":"清","终点经":113.4369088,"终点纬":24.9706171,"Shape_Leng":0.0149896638546},"geometry":{"type":"LineString","coordinates":[[105.000891216403389,0.000258347335274],[105.00089124625805,0.000258197401198]]}},
{"type":"Feature","properties":{"OID_":0,"起点经":116.414627,"起点纬":25.052507,"起点年":"明","终点经":113.2604318,"终点纬":24.9042251,"Shape_Leng":3.1576843608499998},"geometry":{"type":"LineString","coordinates":[[105.000914641331903,0.000259043988184],[105.000889859535604,0.000257510824528]]}},
{"type":"Feature","properties":{"OID_":0,"起点经":119.291596,"起点纬":26.077379,"起点年":"明","终点经":113.175879,"终点纬":24.93066,"Shape_Leng":6.2222750957299997},"geometry":{"type":"LineString","coordinates":[[105.000937245300491,0.000269641439189],[105.000889195641435,0.000257784849146]]}},
{"type":"Feature","properties":{"OID_":0,"起点经":119.291596,"起点纬":26.077379,"起点年":"清","终点经":113.1768618,"终点纬":24.9324531,"Shape_Leng":6.2209607062199996},"geometry":{"type":"LineString","coordinates":[[105.000937245300491,0.000269641439189],[105.000889203498303,0.000257803461522]]}},
{"type":"Feature","properties":{"OID_":0,"起点经":119.291596,"起点纬":26.077379,"起点年":"明","终点经":113.177706,"终点纬":24.927669,"Shape_Leng":6.2210596589299998},"geometry":{"type":"LineString","coordinates":[[105.000937245300491,0.000269641439189],[105.000889209783395,0.000257753828211]]}},
{"type":"Feature","properties":{"OID_":0,"起点经":119.291596,"起点纬":26.077379,"起点年":"明","终点经":113.1778428,"终点纬":24.9288221,"Shape_Leng":6.2207581856900003},"geometry":{"type":"LineString","coordinates":[[105.000937245300491,0.000269641439189],[105.000889210569127,0.000257765202483]]}},
{"type":"Feature","properties":{"OID_":0,"起点经":116.414627,"起点纬":25.052507,"起点年":"明","终点经":113.254057,"终点纬":24.868153,"Shape_Leng":3.1658690350800001},"geometry":{"type":"LineString","coordinates":[[105.000914641331903,0.000259043988184],[105.000889810035474,0.000257138575886]]}},
{"type":"Feature","properties":{"OID_":0,"起点经":119.291596,"起点纬":26.077379,"起点年":"明","终点经":113.1808868,"终点纬":24.9265141,"Shape_Leng":6.2181368029700002},"geometry":{"type":"LineString","coordinates":[[105.000937245300491,0.000269641439189],[105.000889234924912,0.000257741419608]]}},
{"type":"Feature","properties":{"OID_":0,"起点经":116.414627,"起点纬":25.052507,"起点年":"明","终点经":113.135675,"终点纬":24.873455,"Shape_Leng":3.2837823036899998},"geometry":{"type":"LineString","coordinates":[[105.000914641331903,0.000259043988184],[105.000888879795724,0.000257193390181]]}},
{"type":"Feature","properties":{"OID_":0,"起点经":116.414627,"起点纬":25.052507,"起点年":"明","终点经":113.14027,"终点纬":24.879457,"Shape_Leng":3.2788671062399999},"geometry":{"type":"LineString","coordinates":[[105.000914641331903,0.000259043988184],[105.000888915937225,0.000257255431307]]}},
{"type":"Feature","properties":{"OID_":0,"起点经":116.414627,"起点纬":25.052507,"起点年":"宋","终点经":113.1176928,"终点纬":24.7021361,"Shape_Leng":3.3154682584400001},"geometry":{"type":"LineString","coordinates":[[105.000914641331903,0.000259043988184],[105.000888738362036,0.000255421071863]]}},
{"type":"Feature","properties":{"OID_":0,"起点经":119.291596,"起点纬":26.077379,"起点年":"清","终点经":113.166967,"终点纬":24.99388,"Shape_Leng":6.2197023576500001},"geometry":{"type":"LineString","coordinates":[[105.000937245300491,0.000269641439189],[105.000889125720718,0.000258438354185]]}},
{"type":"Feature","properties":{"OID_":0,"起点经":113.349638,"起点纬":24.966941,"起点年":"现代","终点经":113.4135698,"终点纬":24.9500941,"Shape_Leng":0.066168273366200001},"geometry":{"type":"LineString","coordinates":[[105.000890560362805,0.000258159150359],[105.000891063194146,0.000257985428093]]}},
{"type":"Feature","properties":{"OID_":0,"起点经":116.414627,"起点纬":25.052507,"起点年":"宋","终点经":113.1278678,"终点纬":24.6604111,"Shape_Leng":3.31000593566},"geometry":{"type":"LineString","coordinates":[[105.000914641331903,0.000259043988184],[105.000888818498041,0.000254989882211]]}},
{"type":"Feature","properties":{"OID_":0,"起点经":114.410639,"起点纬":23.114875,"起点年":"清","终点经":113.394283,"终点纬":25.002313,"Shape_Leng":2.14362880377},"geometry":{"type":"LineString","coordinates":[[105.000898896251172,0.000239008894872],[105.000890911562379,0.000258525191288]]}},
{"type":"Feature","properties":{"OID_":0,"起点经":114.410639,"起点纬":23.114875,"起点年":"清","终点经":113.400354,"终点纬":25.000515,"Shape_Leng":2.1391567015800002},"geometry":{"type":"LineString","coordinates":[[105.000898896251172,0.000239008894872],[105.000890959488487,0.000258506578257]]}},
{"type":"Feature","properties":{"OID_":0,"起点经":119.291596,"起点纬":26.077379,"起点年":"明","终点经":113.180417,"终点纬":25.043383,"Shape_Leng":6.1980578775400001},"geometry":{"type":"LineString","coordinates":[[105.000937245300491,0.000269641439189],[105.000889231004749,0.000258950195641]]}},
{"type":"Feature","properties":{"OID_":0,"起点经":114.410639,"起点纬":23.114875,"起点年":"清","终点经":113.3994088,"终点纬":25.0045941,"Shape_Leng":2.1432432261300001},"geometry":{"type":"LineString","coordinates":[[105.000898896251172,0.000239008894872],[105.000890951632016,0.000258548973397]]}},
{"type":"Feature","properties":{"OID_":0,"起点经":114.410639,"起点纬":23.114875,"起点年":"清","终点经":113.392412,"终点纬":24.9989646,"Shape_Leng":2.1416264953600002},"geometry":{"type":"LineString","coordinates":[[105.000898896251172,0.000239008894872],[105.000890896634317,0.000258491068616]]}},
{"type":"Feature","properties":{"OID_":0,"起点经":114.410639,"起点纬":23.114875,"起点年":"清","终点经":113.393964,"终点纬":25.005101,"Shape_Leng":2.14623661164},"geometry":{"type":"LineString","coordinates":[[105.000898896251172,0.000239008894872],[105.000890909205566,0.000258554144028]]}},
{"type":"Feature","properties":{"OID_":0,"起点经":119.291596,"起点纬":26.077379,"起点年":"明","终点经":113.1598211,"终点纬":25.1002924,"Shape_Leng":6.2091622337499999},"geometry":{"type":"LineString","coordinates":[[105.000937245300491,0.000269641439189],[105.000889069159555,0.000259538558161]]}},
{"type":"Feature","properties":{"OID_":0,"起点经":116.414627,"起点纬":25.052507,"起点年":"明","终点经":113.271188,"终点纬":24.777989,"Shape_Leng":3.1553627051399999},"geometry":{"type":"LineString","coordinates":[[105.000914641331903,0.000259043988184],[105.000889944379708,0.000256205883122]]}},
{"type":"Feature","properties":{"OID_":0,"起点经":113.394342,"起点纬":25.011842,"起点年":"清","终点经":113.3939478,"终点纬":25.0063281,"Shape_Leng":0.0055145271214400004},"geometry":{"type":"LineString","coordinates":[[105.000890911563062,0.000258623423725],[105.000890908419962,0.00025856655232]]}},
{"type":"Feature","properties":{"OID_":0,"起点经":114.410639,"起点纬":23.114875,"起点年":"清","终点经":113.3988728,"终点纬":25.0073061,"Shape_Leng":2.1458598856000002},"geometry":{"type":"LineString","coordinates":[[105.000898896251172,0.000239008894872],[105.000890947703809,0.00025857689214]]}},
{"type":"Feature","properties":{"OID_":0,"起点经":114.410639,"起点纬":23.114875,"起点年":"清","终点经":113.3954508,"终点纬":25.0022721,"Shape_Leng":2.1430601402899998},"geometry":{"type":"LineString","coordinates":[[105.000898896251172,0.000239008894872],[105.0008909209905,0.000258525191155]]}},
{"type":"Feature","properties":{"OID_":0,"起点经":119.291596,"起点纬":26.077379,"起点年":"清","终点经":113.169903,"终点纬":25.083275,"Shape_Leng":6.2018904940199997},"geometry":{"type":"LineString","coordinates":[[105.000937245300491,0.000269641439189],[105.000889148511604,0.00025936277285]]}},
{"type":"Feature","properties":{"OID_":0,"起点经":119.291596,"起点纬":26.077379,"起点年":"明","终点经":113.1167228,"终点纬":25.0814391,"Shape_Leng":6.2547107046499999},"geometry":{"type":"LineString","coordinates":[[105.000937245300491,0.000269641439189],[105.000888730531969,0.000259343131291]]}},
{"type":"Feature","properties":{"OID_":0,"起点经":119.291596,"起点纬":26.077379,"起点年":"明","终点经":113.1254288,"终点纬":25.0090441,"Shape_Leng":6.2580748645500002},"geometry":{"type":"LineString","coordinates":[[105.000937245300491,0.000269641439189],[105.000888798880652,0.00025859449593]]}},
{"type":"Feature","properties":{"OID_":0,"起点经":119.291596,"起点纬":26.077379,"起点年":"明","终点经":113.122405,"终点纬":25.017132,"Shape_Leng":6.2596537222800004},"geometry":{"type":"LineString","coordinates":[[105.000937245300491,0.000269641439189],[105.000888775310955,0.000258678252257]]}},
{"type":"Feature","properties":{"OID_":0,"起点经":119.291596,"起点纬":26.077379,"起点年":"明","终点经":113.122003,"终点纬":25.026007,"Shape_Leng":6.25854664479},"geometry":{"type":"LineString","coordinates":[[105.000937245300491,0.000269641439189],[105.000888772168892,0.000258770280598]]}},
{"type":"Feature","properties":{"OID_":0,"起点经":116.414627,"起点纬":25.052507,"起点年":"明","终点经":113.302065,"终点纬":24.738837,"Shape_Leng":3.1282685218099999},"geometry":{"type":"LineString","coordinates":[[105.000914641331903,0.000259043988184],[105.000890187150731,0.000255800542209]]}},
{"type":"Feature","properties":{"OID_":0,"起点经":119.291596,"起点纬":26.077379,"起点年":"明","终点经":113.1218728,"终点纬":25.0334501,"Shape_Leng":6.25738965586},"geometry":{"type":"LineString","coordinates":[[105.000937245300491,0.000269641439189],[105.000888771383728,0.000258847832519]]}},
{"type":"Feature","properties":{"OID_":0,"起点经":119.291596,"起点纬":26.077379,"起点年":"明","终点经":113.1284148,"终点纬":25.0062081,"Shape_Leng":6.2555977860600001},"geometry":{"type":"LineString","coordinates":[[105.000937245300491,0.000269641439189],[105.000888822450747,0.000258565542924]]}},
{"type":"Feature","properties":{"OID_":0,"起点经":113.3968395,"起点纬":24.873349,"起点年":"现代","终点经":113.4364178,"终点纬":24.9566391,"Shape_Leng":0.092233670600500001},"geometry":{"type":"LineString","coordinates":[[105.000890931195201,0.000257191297951],[105.000891242328663,0.000258052637642]]}},
{"type":"Feature","properties":{"OID_":0,"起点经":119.291596,"起点纬":26.077379,"起点年":"明","终点经":113.159567,"终点纬":24.9804573,"Shape_Leng":6.2293349245099998},"geometry":{"type":"LineString","coordinates":[[105.000937245300491,0.000269641439189],[105.000889067579791,0.000258299795457]]}},
{"type":"Feature","properties":{"OID_":0,"起点经":119.291596,"起点纬":26.077379,"起点年":"明","终点经":113.1550258,"终点纬":24.9797531,"Shape_Leng":6.2339863094699997},"geometry":{"type":"LineString","coordinates":[[105.000937245300491,0.000269641439189],[105.000889031438646,0.000258292557697]]}},
{"type":"Feature","properties":{"OID_":0,"起点经":119.291596,"起点纬":26.077379,"起点年":"明","终点经":113.137465,"终点纬":24.938752,"Shape_Leng":6.2585427042499999},"geometry":{"type":"LineString","coordinates":[[105.000937245300491,0.000269641439189],[105.000888893942488,0.00025786860878]]}},
{"type":"Feature","properties":{"OID_":0,"起点经":119.291596,"起点纬":26.077379,"起点年":"明","终点经":113.1554758,"终点纬":24.9649641,"Shape_Leng":6.2361171405000002},"geometry":{"type":"LineString","coordinates":[[105.000937245300491,0.000269641439189],[105.000889035365958,0.000258139521839]]}},
{"type":"Feature","properties":{"OID_":0,"起点经":116.414627,"起点纬":25.052507,"起点年":"明","终点经":113.298609,"终点纬":24.744433,"Shape_Leng":3.1311949176699998},"geometry":{"type":"LineString","coordinates":[[105.000914641331903,0.000259043988184],[105.000890159652485,0.000255858447955]]}},
{"type":"Feature","properties":{"OID_":0,"起点经":119.291596,"起点纬":26.077379,"起点年":"明","终点经":113.157196,"终点纬":24.976788,"Shape_Leng":6.2323497740300002},"geometry":{"type":"LineString","coordinates":[[105.000937245300491,0.000269641439189],[105.000889048723309,0.000258261536729]]}},
{"type":"Feature","properties":{"OID_":0,"起点经":119.291596,"起点纬":26.077379,"起点年":"明","终点经":113.149865,"终点纬":24.966617,"Shape_Leng":6.2413424457},"geometry":{"type":"LineString","coordinates":[[105.000937245300491,0.000269641439189],[105.000888991368257,0.000258156066776]]}},
{"type":"Feature","properties":{"OID_":0,"起点经":113.028363,"起点纬":24.605875,"起点年":"现代","终点经":113.0465508,"终点纬":24.6755531,"Shape_Leng":0.072037003978400002},"geometry":{"type":"LineString","coordinates":[[105.000888036746815,0.000254426347405],[105.000888179744692,0.000255147061616]]}},
{"type":"Feature","properties":{"OID_":0,"起点经":116.414627,"起点纬":25.052507,"起点年":"明","终点经":113.301443,"终点纬":24.780959,"Shape_Leng":3.1250162397499999},"geometry":{"type":"LineString","coordinates":[[105.000914641331903,0.000259043988184],[105.000890181653972,0.000256236901116]]}},
{"type":"Feature","properties":{"OID_":0,"起点经":116.414627,"起点纬":25.052507,"起点年":"明","终点经":113.3042618,"终点纬":24.7825191,"Shape_Leng":3.1219971324400002},"geometry":{"type":"LineString","coordinates":[[105.000914641331903,0.000259043988184],[105.00089020443869,0.000256252411211]]}},
{"type":"Feature","properties":{"OID_":0,"起点经":119.291596,"起点纬":26.077379,"起点年":"明","终点经":113.1477678,"终点纬":24.9543671,"Shape_Leng":6.24559104159},"geometry":{"type":"LineString","coordinates":[[105.000937245300491,0.000269641439189],[105.00088897486819,0.00025802991583]]}},
{"type":"Feature","properties":{"OID_":0,"起点经":119.291596,"起点纬":26.077379,"起点年":"元","终点经":113.1395258,"终点纬":24.9414391,"Shape_Leng":6.2561034531399997},"geometry":{"type":"LineString","coordinates":[[105.000937245300491,0.000269641439189],[105.000888909656197,0.000257895493281]]}},
{"type":"Feature","properties":{"OID_":0,"起点经":119.291596,"起点纬":26.077379,"起点年":"唐","终点经":113.1516338,"终点纬":24.9654421,"Shape_Leng":6.2398833327799998},"geometry":{"type":"LineString","coordinates":[[105.000937245300491,0.000269641439189],[105.000889004724655,0.000258143658306]]}},
{"type":"Feature","properties":{"OID_":0,"起点经":119.291596,"起点纬":26.077379,"起点年":"清","终点经":113.400163,"终点纬":25.02569,"Shape_Leng":5.9845356438300001},"geometry":{"type":"LineString","coordinates":[[105.000937245300491,0.000269641439189],[105.000890957918898,0.000258767152739]]}},
{"type":"Feature","properties":{"OID_":0,"起点经":119.291596,"起点纬":26.077379,"起点年":"南宋","终点经":113.1514398,"终点纬":24.9903141,"Shape_Leng":6.2356910165099997},"geometry":{"type":"LineString","coordinates":[[105.000937245300491,0.000269641439189],[105.000889003155052,0.000258401130708]]}},
{"type":"Feature","properties":{"OID_":0,"起点经":119.291596,"起点纬":26.077379,"起点年":"明","终点经":113.139066,"终点纬":25.036864,"Shape_Leng":6.2398634999800002},"geometry":{"type":"LineString","coordinates":[[105.000937245300491,0.000269641439189],[105.000888906520217,0.000258882987801]]}},
{"type":"Feature","properties":{"OID_":0,"起点经":119.291596,"起点纬":26.077379,"起点年":"明","终点经":112.997154,"终点纬":24.781604,"Shape_Leng":6.4263962675200004},"geometry":{"type":"LineString","coordinates":[[105.000937245300491,0.000269641439189],[105.00088779162833,0.000256243133419]]}},
{"type":"Feature","properties":{"OID_":0,"起点经":119.291596,"起点纬":26.077379,"起点年":"明","终点经":113.13901,"终点纬":25.082429,"Shape_Leng":6.2325365445600003},"geometry":{"type":"LineString","coordinates":[[105.000937245300491,0.000269641439189],[105.000888905737725,0.000259353469491]]}},
{"type":"Feature","properties":{"OID_":0,"起点经":119.291596,"起点纬":26.077379,"起点年":"明","终点经":112.9966948,"终点纬":24.7827391,"Shape_Leng":6.4266643058400001},"geometry":{"type":"LineString","coordinates":[[105.000937245300491,0.000269641439189],[105.000887787700023,0.000256254507747]]}},
{"type":"Feature","properties":{"OID_":0,"起点经":113.060344,"起点纬":24.651261,"起点年":"现代","终点经":113.072576,"终点纬":24.654933,"Shape_Leng":0.012816005342400001},"geometry":{"type":"LineString","coordinates":[[105.000888287380576,0.000254895792123],[105.00088838401895,0.000254933015911]]}},
{"type":"Feature","properties":{"OID_":0,"起点经":113.26188,"起点纬":24.702102,"起点年":"明","终点经":113.126432,"终点纬":24.652166,"Shape_Leng":0.144396190073},"geometry":{"type":"LineString","coordinates":[[105.000889871306498,0.000255421058514],[105.000888806712339,0.000254905092219]]}},
{"type":"Feature","properties":{"OID_":0,"起点经":119.291596,"起点纬":26.077379,"起点年":"明","终点经":113.141859,"终点纬":25.084719,"Shape_Leng":6.2293068146800001},"geometry":{"type":"LineString","coordinates":[[105.000937245300491,0.000269641439189],[105.000888928522485,0.0002593772518]]}},
{"type":"Feature","properties":{"OID_":0,"起点经":116.414627,"起点纬":25.052507,"起点年":"明","终点经":113.2802608,"终点纬":24.7860019,"Shape_Leng":3.1456094395199998},"geometry":{"type":"LineString","coordinates":[[105.000914641331903,0.000259043988184],[105.000890015876749,0.000256288604353]]}},
{"type":"Feature","properties":{"OID_":0,"起点经":119.291596,"起点纬":26.077379,"起点年":null,"终点经":113.144271,"终点纬":25.087447,"Shape_Leng":6.2265076331399998},"geometry":{"type":"LineString","coordinates":[[105.000937245300491,0.000269641439189],[105.000888947378897,0.000259405170265]]}},
{"type":"Feature","properties":{"OID_":0,"起点经":113.0549818,"起点纬":24.5015811,"起点年":"现代","终点经":113.1287118,"终点纬":24.6508331,"Shape_Leng":0.16641012559900001},"geometry":{"type":"LineString","coordinates":[[105.000888245729229,0.000253347856166],[105.000888824782763,0.000254890615688]]}},
{"type":"Feature","properties":{"OID_":0,"起点经":119.291596,"起点纬":26.077379,"起点年":"明","终点经":113.090576,"终点纬":25.018464,"Shape_Leng":6.2907607032100001},"geometry":{"type":"LineString","coordinates":[[105.000937245300491,0.000269641439189],[105.000888525466138,0.000258692731563]]}},
{"type":"Feature","properties":{"OID_":0,"起点经":119.291596,"起点纬":26.077379,"起点年":"明","终点经":113.106116,"终点纬":25.050063,"Shape_Leng":6.2702277100900004},"geometry":{"type":"LineString","coordinates":[[105.000937245300491,0.000269641439189],[105.000888647248132,0.00025901948224]]}},
{"type":"Feature","properties":{"OID_":0,"起点经":119.291596,"起点纬":26.077379,"起点年":"明","终点经":113.098817,"终点纬":25.016693,"Shape_Leng":6.2829814844899996},"geometry":{"type":"LineString","coordinates":[[105.000937245300491,0.000269641439189],[105.000888589891446,0.000258674118354]]}},
{"type":"Feature","properties":{"OID_":0,"起点经":113.008697,"起点纬":24.780845,"起点年":"现代","终点经":113.0003338,"终点纬":24.7696221,"Shape_Leng":0.0139999978244},"geometry":{"type":"LineString","coordinates":[[105.000887881980972,0.000256234860152],[105.000887815983432,0.000256119050047]]}},
{"type":"Feature","properties":{"OID_":0,"起点经":119.291596,"起点纬":26.077379,"起点年":"清","终点经":113.159297,"终点纬":25.024547,"Shape_Leng":6.2220335668400004},"geometry":{"type":"LineString","coordinates":[[105.000937245300491,0.000269641439189],[105.000889065225834,0.000258754766752]]}},
{"type":"Feature","properties":{"OID_":0,"起点经":116.414627,"起点纬":25.052507,"起点年":"明","终点经":113.2802608,"终点纬":24.7860019,"Shape_Leng":3.1456094395199998},"geometry":{"type":"LineString","coordinates":[[105.000914641331903,0.000259043988184],[105.000890015876749,0.000256288604353]]}},
{"type":"Feature","properties":{"OID_":0,"起点经":116.414627,"起点纬":25.052507,"起点年":"明","终点经":113.2802608,"终点纬":24.7860019,"Shape_Leng":3.1456094395199998},"geometry":{"type":"LineString","coordinates":[[105.000914641331903,0.000259043988184],[105.000890015876749,0.000256288604353]]}},
{"type":"Feature","properties":{"OID_":0,"起点经":119.291596,"起点纬":26.077379,"起点年":"清","终点经":113.154786,"终点纬":25.032747,"Shape_Leng":6.2250873336500003},"geometry":{"type":"LineString","coordinates":[[105.000937245300491,0.000269641439189],[105.000889029871018,0.000258839557299]]}},
{"type":"Feature","properties":{"OID_":0,"起点经":114.056715,"起点纬":24.956604,"起点年":"明","终点经":113.411711,"终点纬":24.924114,"Shape_Leng":0.64581827893499999},"geometry":{"type":"LineString","coordinates":[[105.000896115875577,0.000258052579884],[105.00089104826445,0.000257716581586]]}},
{"type":"Feature","properties":{"OID_":0,"起点经":113.003356,"起点纬":24.781663,"起点年":"现代","终点经":113.0066588,"终点纬":24.7810501,"Shape_Leng":0.0033541019329300001},"geometry":{"type":"LineString","coordinates":[[105.000887840340241,0.000256244166862],[105.00088786626749,0.0002562379624]]}},
{"type":"Feature","properties":{"OID_":0,"起点经":113.003356,"起点纬":24.781663,"起点年":"现代","终点经":113.0069838,"终点纬":24.7825861,"Shape_Leng":0.0037107925993499998},"geometry":{"type":"LineString","coordinates":[[105.000887840340241,0.000256244166862],[105.000887868624616,0.000256253472751]]}},
{"type":"Feature","properties":{"OID_":0,"起点经":119.291596,"起点纬":26.077379,"起点年":"清","终点经":113.157901,"终点纬":25.029681,"Shape_Leng":6.22253573382},"geometry":{"type":"LineString","coordinates":[[105.000937245300491,0.000269641439189],[105.000889054226761,0.000258808536231]]}},
{"type":"Feature","properties":{"OID_":0,"起点经":114.056715,"起点纬":24.956604,"起点年":"明","终点经":113.432221,"终点纬":24.98041,"Shape_Leng":0.62495334923199997},"geometry":{"type":"LineString","coordinates":[[105.000896115875577,0.000258052579884],[105.000891209331968,0.000258298736115]]}},
{"type":"Feature","properties":{"OID_":0,"起点经":119.291596,"起点纬":26.077379,"起点年":null,"终点经":113.0834648,"终点纬":25.0486891,"Shape_Leng":6.2927521229699996},"geometry":{"type":"LineString","coordinates":[[105.000937245300491,0.000269641439189],[105.000888469685307,0.000259005007962]]}},
{"type":"Feature","properties":{"OID_":0,"起点经":119.291596,"起点纬":26.077379,"起点年":"清","终点经":113.087677,"终点纬":25.046356,"Shape_Leng":6.2889853102900002},"geometry":{"type":"LineString","coordinates":[[105.000937245300491,0.000269641439189],[105.000888502683509,0.00025898122501]]}},
{"type":"Feature","properties":{"OID_":0,"起点经":119.291596,"起点纬":26.077379,"起点年":"清","终点经":113.088481,"终点纬":25.041448,"Shape_Leng":6.2890178568300001},"geometry":{"type":"LineString","coordinates":[[105.000937245300491,0.000269641439189],[105.000888508968572,0.000258929523648]]}},
{"type":"Feature","properties":{"OID_":0,"起点经":119.291596,"起点纬":26.077379,"起点年":"明","终点经":113.06341,"终点纬":24.527655,"Shape_Leng":6.4181029381999997},"geometry":{"type":"LineString","coordinates":[[105.000937245300491,0.000269641439189],[105.000888311727834,0.000253617736105]]}},
{"type":"Feature","properties":{"OID_":0,"起点经":114.056715,"起点纬":24.956604,"起点年":"清","终点经":113.4102588,"终点纬":24.9508501,"Shape_Leng":0.646425128189},"geometry":{"type":"LineString","coordinates":[[105.000896115875577,0.000258052579884],[105.000891037266896,0.000257993700572]]}},
{"type":"Feature","properties":{"OID_":0,"起点经":119.291596,"起点纬":26.077379,"起点年":"明","终点经":113.0416728,"终点纬":24.5360891,"Shape_Leng":6.4371465478000003},"geometry":{"type":"LineString","coordinates":[[105.000937245300491,0.000269641439189],[105.0008881412368,0.000253704596245]]}},
{"type":"Feature","properties":{"OID_":0,"起点经":114.056715,"起点纬":24.956604,"起点年":"明","终点经":112.979129,"终点纬":24.825804,"Shape_Leng":1.0855092800199999},"geometry":{"type":"LineString","coordinates":[[105.000896115875577,0.000258052579884],[105.000887649424101,0.00025670017444]]}},
{"type":"Feature","properties":{"OID_":0,"起点经":119.291596,"起点纬":26.077379,"起点年":"明","终点经":113.0830426,"终点纬":24.5746443,"Shape_Leng":6.3878886804699997},"geometry":{"type":"LineString","coordinates":[[105.000937245300491,0.000269641439189],[105.000888465723591,0.000254102692317]]}},
{"type":"Feature","properties":{"OID_":0,"起点经":119.291596,"起点纬":26.077379,"起点年":"明","终点经":113.058057,"终点纬":24.594091,"Shape_Leng":6.4075503228299997},"geometry":{"type":"LineString","coordinates":[[105.000937245300491,0.000269641439189],[105.000888270091693,0.000254304329641]]}},
{"type":"Feature","properties":{"OID_":0,"起点经":114.056715,"起点纬":24.956604,"起点年":"明","终点经":113.037433,"终点纬":24.699326,"Shape_Leng":1.0512734076200001},"geometry":{"type":"LineString","coordinates":[[105.000896115875577,0.000258052579884],[105.000888107464192,0.00025539212658]]}},
{"type":"Feature","properties":{"OID_":0,"起点经":114.056715,"起点纬":24.956604,"起点年":"明","终点经":113.0225368,"终点纬":24.6911141,"Shape_Leng":1.06773586869},"geometry":{"type":"LineString","coordinates":[[105.000896115875577,0.000258052579884],[105.000887990397942,0.000255307337853]]}},
{"type":"Feature","properties":{"OID_":0,"起点经":119.291596,"起点纬":26.077379,"起点年":"清","终点经":113.0855345,"终点纬":24.5729795,"Shape_Leng":6.3858356222100001},"geometry":{"type":"LineString","coordinates":[[105.000937245300491,0.000269641439189],[105.000888485365351,0.000254086147691]]}},
{"type":"Feature","properties":{"OID_":0,"起点经":114.056715,"起点纬":24.956604,"起点年":"明","终点经":113.080969,"终点纬":24.699253,"Shape_Leng":1.0090558838799999},"geometry":{"type":"LineString","coordinates":[[105.000896115875577,0.000258052579884],[105.000888450018834,0.000255392122541]]}},
{"type":"Feature","properties":{"OID_":0,"起点经":113.009989,"起点纬":24.735095,"起点年":"现代","终点经":113.0112648,"终点纬":24.7364331,"Shape_Leng":0.00183847714218},"geometry":{"type":"LineString","coordinates":[[105.000887892191571,0.000255762310301],[105.000887902405438,0.000255775752502]]}},
{"type":"Feature","properties":{"OID_":0,"起点经":113.008697,"起点纬":24.780845,"起点年":"现代","终点经":113.008582,"终点纬":24.732104,"Shape_Leng":0.048700102824600001},"geometry":{"type":"LineString","coordinates":[[105.000887881980972,0.000256234860152],[105.000887881191886,0.000255731289633]]}},
{"type":"Feature","properties":{"OID_":0,"起点经":114.056715,"起点纬":24.956604,"起点年":"清","终点经":113.383163,"终点纬":24.823004,"Shape_Leng":0.68662304577300004},"geometry":{"type":"LineString","coordinates":[[105.000896115875577,0.000258052579884],[105.000890824339734,0.000256671184293]]}},
{"type":"Feature","properties":{"OID_":0,"起点经":119.291596,"起点纬":26.077379,"起点年":"明","终点经":113.1159118,"终点纬":24.5316671,"Shape_Leng":6.3661965879600002},"geometry":{"type":"LineString","coordinates":[[105.000937245300491,0.000269641439189],[105.000888724207883,0.000253659092265]]}},
{"type":"Feature","properties":{"OID_":0,"起点经":119.291596,"起点纬":26.077379,"起点年":"明","终点经":113.1361068,"终点纬":24.5423781,"Shape_Leng":6.3440054564699997},"geometry":{"type":"LineString","coordinates":[[105.000937245300491,0.000269641439189],[105.000888882915149,0.000253769731129]]}},
{"type":"Feature","properties":{"OID_":0,"起点经":114.124786,"起点纬":24.353253,"起点年":"清","终点经":113.1041758,"终点纬":24.9785441,"Shape_Leng":1.1968706687599999},"geometry":{"type":"LineString","coordinates":[[105.000896650877991,0.000251814296593],[105.000888632315252,0.000258279120057]]}},
{"type":"Feature","properties":{"OID_":0,"起点经":114.124786,"起点纬":24.353253,"起点年":"清","终点经":113.3949008,"终点纬":24.8571781,"Shape_Leng":0.88694375188800001},"geometry":{"type":"LineString","coordinates":[[105.000896650877991,0.000251814296593],[105.000890916266229,0.000257024820004]]}},
{"type":"Feature","properties":{"OID_":0,"起点经":114.201655,"起点纬":24.062603,"起点年":"清","终点经":113.401983,"终点纬":24.907767,"Shape_Leng":1.16356483686},"geometry":{"type":"LineString","coordinates":[[105.000897255041977,0.000248808376647],[105.000890972052758,0.000257548036332]]}},
{"type":"Feature","properties":{"OID_":0,"起点经":113.029112,"起点纬":22.461295,"起点年":"南宋","终点经":113.155539,"终点纬":25.038991,"Shape_Leng":2.5807972122399998},"geometry":{"type":"LineString","coordinates":[[105.000888042095838,0.00023225063055],[105.000889035371173,0.000258904700828]]}},
{"type":"Feature","properties":{"OID_":0,"起点经":115.726357,"起点纬":24.14005,"起点年":"明","终点经":113.290886,"终点纬":24.744869,"Shape_Leng":2.5094948215000001},"geometry":{"type":"LineString","coordinates":[[105.000909234245441,0.000249608569125],[105.000890099155484,0.00025586361882]]}},
{"type":"Feature","properties":{"OID_":0,"起点经":113.008698,"起点纬":24.703914,"起点年":"现代","终点经":112.9985398,"终点纬":24.6931861,"Shape_Leng":0.0147827588813},"geometry":{"type":"LineString","coordinates":[[105.000887881975558,0.000255439694415],[105.000887801835901,0.000255329054585]]}},
{"type":"Feature","properties":{"OID_":0,"起点经":115.726357,"起点纬":24.14005,"起点年":"明","终点经":113.3069678,"终点纬":24.7697671,"Shape_Leng":2.500028879},"geometry":{"type":"LineString","coordinates":[[105.000909234245441,0.000249608569125],[105.000890225651048,0.000256121089701]]}},
{"type":"Feature","properties":{"OID_":0,"起点经":119.291596,"起点纬":26.077379,"起点年":"明","终点经":113.1318088,"终点纬":24.5454001,"Shape_Leng":6.3474530360600001},"geometry":{"type":"LineString","coordinates":[[105.000937245300491,0.000269641439189],[105.0008888491313,0.000253800752297]]}},
{"type":"Feature","properties":{"OID_":0,"起点经":119.291596,"起点纬":26.077379,"起点年":"明","终点经":113.1237368,"终点纬":24.5583581,"Shape_Leng":6.3521926454799997},"geometry":{"type":"LineString","coordinates":[[105.000937245300491,0.000269641439189],[105.000888785492478,0.0002539351764]]}},
{"type":"Feature","properties":{"OID_":0,"起点经":119.291596,"起点纬":26.077379,"起点年":"明","终点经":113.1236398,"终点纬":24.5561691,"Shape_Leng":6.3528161830899998},"geometry":{"type":"LineString","coordinates":[[105.000937245300491,0.000269641439189],[105.000888784706632,0.000253912427833]]}},
{"type":"Feature","properties":{"OID_":0,"起点经":119.291596,"起点纬":26.077379,"起点年":"清","终点经":113.14268,"终点纬":24.546935,"Shape_Leng":6.3365133504099997},"geometry":{"type":"LineString","coordinates":[[105.000937245300491,0.000269641439189],[105.000888934770074,0.000253816261683]]}},
{"type":"Feature","properties":{"OID_":0,"起点经":113.022295,"起点纬":24.571989,"起点年":"清","终点经":113.026759,"终点纬":24.554829,"Shape_Leng":0.017778919245799999},"geometry":{"type":"LineString","coordinates":[[105.000887988818221,0.000254075813253],[105.000888024172397,0.000253897960435]]}},
{"type":"Feature","properties":{"OID_":0,"起点经":119.291596,"起点纬":26.077379,"起点年":"明","终点经":113.066744,"终点纬":24.480577,"Shape_Leng":6.4264414916700003},"geometry":{"type":"LineString","coordinates":[[105.000937245300491,0.000269641439189],[105.00088833765183,0.000253130709656]]}},
{"type":"Feature","properties":{"OID_":0,"起点经":119.291596,"起点纬":26.077379,"起点年":"明","终点经":113.038155,"终点纬":24.510863,"Shape_Leng":6.4466218929099997},"geometry":{"type":"LineString","coordinates":[[105.000937245300491,0.000269641439189],[105.000888113736352,0.000253444022084]]}},
{"type":"Feature","properties":{"OID_":0,"起点经":119.291596,"起点纬":26.077379,"起点年":"清","终点经":113.0471478,"终点纬":24.4972641,"Shape_Leng":6.4413116878499999},"geometry":{"type":"LineString","coordinates":[[105.000937245300491,0.000269641439189],[105.00088818366055,0.000253303393808]]}},
{"type":"Feature","properties":{"OID_":0,"起点经":119.291596,"起点纬":26.077379,"起点年":"清","终点经":113.0549818,"终点纬":24.5015811,"Shape_Leng":6.4325986354199998},"geometry":{"type":"LineString","coordinates":[[105.000937245300491,0.000269641439189],[105.000888245729229,0.000253347856166]]}},
{"type":"Feature","properties":{"OID_":0,"起点经":119.291596,"起点纬":26.077379,"起点年":"清","终点经":113.055612,"终点纬":24.506542,"Shape_Leng":6.4308182081999998},"geometry":{"type":"LineString","coordinates":[[105.000937245300491,0.000269641439189],[105.000888250443623,0.000253398523364]]}},
{"type":"Feature","properties":{"OID_":0,"起点经":119.291596,"起点纬":26.077379,"起点年":"清","终点经":113.044276,"终点纬":24.49395,"Shape_Leng":6.4448361373400003},"geometry":{"type":"LineString","coordinates":[[105.000937245300491,0.000269641439189],[105.000888161661408,0.000253269271191]]}},
{"type":"Feature","properties":{"OID_":0,"起点经":119.291596,"起点纬":26.077379,"起点年":"明","终点经":113.396476,"终点纬":24.895984,"Shape_Leng":6.0123131975100002},"geometry":{"type":"LineString","coordinates":[[105.000937245300491,0.000269641439189],[105.000890928839752,0.000257426021797]]}},
{"type":"Feature","properties":{"OID_":0,"起点经":119.291596,"起点纬":26.077379,"起点年":"宋","终点经":113.411211,"终点纬":24.888364,"Shape_Leng":5.99940206523},"geometry":{"type":"LineString","coordinates":[[105.000937245300491,0.000269641439189],[105.000891044333585,0.000257347434492]]}},
{"type":"Feature","properties":{"OID_":0,"起点经":119.291596,"起点纬":26.077379,"起点年":"明","终点经":113.4029488,"终点纬":24.8766123,"Shape_Leng":6.00988422023},"geometry":{"type":"LineString","coordinates":[[105.000937245300491,0.000269641439189],[105.000890979121635,0.000257225420213]]}},
{"type":"Feature","properties":{"OID_":0,"起点经":119.291596,"起点纬":26.077379,"起点年":"明","终点经":113.386396,"终点纬":24.875633,"Shape_Leng":6.0262517612400002},"geometry":{"type":"LineString","coordinates":[[105.000937245300491,0.000269641439189],[105.00089084948506,0.000257215081492]]}},
{"type":"Feature","properties":{"OID_":0,"起点经":119.291596,"起点纬":26.077379,"起点年":"明","终点经":113.402395,"终点纬":24.871008,"Shape_Leng":6.0114954563699996},"geometry":{"type":"LineString","coordinates":[[105.000937245300491,0.000269641439189],[105.000890975192846,0.000257167514844]]}},
{"type":"Feature","properties":{"OID_":0,"起点经":114.541529,"起点纬":29.029239,"起点年":"明","终点经":113.441521,"终点纬":24.919282,"Shape_Leng":4.2545596718800001},"geometry":{"type":"LineString","coordinates":[[105.000899925121814,0.000300164256777],[105.000891282395514,0.000257666945611]]}},
{"type":"Feature","properties":{"OID_":0,"起点经":119.291596,"起点纬":26.077379,"起点年":"清","终点经":113.38844,"终点纬":24.883036,"Shape_Leng":6.0228200707699999},"geometry":{"type":"LineString","coordinates":[[105.000937245300491,0.000269641439189],[105.000890865199111,0.000257291599204]]}},
{"type":"Feature","properties":{"OID_":0,"起点经":112.636101,"起点纬":24.468259,"起点年":"民国","终点经":113.2534538,"终点纬":24.8418061,"Shape_Leng":0.72158506592000005},"geometry":{"type":"LineString","coordinates":[[105.000884954531173,0.000253003564283],[105.000889805319574,0.000256865593134]]}},
{"type":"Feature","properties":{"OID_":0,"起点经":113.0099618,"起点纬":24.5518281,"起点年":"现代","终点经":112.976456,"终点纬":24.601816,"Shape_Leng":0.060185132137600003},"geometry":{"type":"LineString","coordinates":[[105.000887892178682,0.000253866941209],[105.000887628980806,0.000254383957147]]}},
{"type":"Feature","properties":{"OID_":0,"起点经":113.0099618,"起点纬":24.5518281,"起点年":"民国","终点经":112.9831928,"终点纬":24.5961311,"Shape_Leng":0.0517757681916},"geometry":{"type":"LineString","coordinates":[[105.000887892178682,0.000253866941209],[105.000887681620668,0.000254325017059]]}},
{"type":"Feature","properties":{"OID_":0,"起点经":113.0099618,"起点纬":24.5518281,"起点年":"现代","终点经":112.9981,"终点纬":24.59108,"Shape_Leng":0.041062148381600001},"geometry":{"type":"LineString","coordinates":[[105.000887892178682,0.000253866941209],[105.000887798686037,0.00025427331441]]}},
{"type":"Feature","properties":{"OID_":0,"起点经":113.0099618,"起点纬":24.5518281,"起点年":"现代","终点经":113.002778,"终点纬":24.618799,"Shape_Leng":0.06738575619000001},"geometry":{"type":"LineString","coordinates":[[105.000887892178682,0.000253866941209],[105.000887835614719,0.000254559739085]]}},
{"type":"Feature","properties":{"OID_":0,"起点经":113.0099618,"起点纬":24.5518281,"起点年":"现代","终点经":112.9699898,"终点纬":24.5904581,"Shape_Leng":0.055656897651000001},"geometry":{"type":"LineString","coordinates":[[105.000887892178682,0.000253866941209],[105.000887577911072,0.000254267112844]]}},
{"type":"Feature","properties":{"OID_":0,"起点经":119.291596,"起点纬":26.077379,"起点年":"明","终点经":113.346377,"终点纬":24.884069,"Shape_Leng":6.0637750558699999},"geometry":{"type":"LineString","coordinates":[[105.000937245300491,0.000269641439189],[105.000890535215362,0.000257302977393]]}},
{"type":"Feature","properties":{"OID_":0,"起点经":113.0099618,"起点纬":24.5518281,"起点年":"民国","终点经":112.963007,"终点纬":24.581194,"Shape_Leng":0.055437895156700001},"geometry":{"type":"LineString","coordinates":[[105.000887892178682,0.000253866941209],[105.000887522913132,0.000254170949102]]}},
{"type":"Feature","properties":{"OID_":0,"起点经":112.636101,"起点纬":24.468259,"起点年":"现代","终点经":113.0033678,"终点纬":24.7815941,"Shape_Leng":0.48276928272899999},"geometry":{"type":"LineString","coordinates":[[105.000884954531173,0.000253003564283],[105.000887840340241,0.000256243132831]]}},
{"type":"Feature","properties":{"OID_":0,"起点经":113.0099618,"起点纬":24.5518281,"起点年":"民国","终点经":112.991368,"终点纬":24.581043,"Shape_Leng":0.0346208046129},"geometry":{"type":"LineString","coordinates":[[105.000887892178682,0.000253866941209],[105.000887746045038,0.000254168878466]]}},
{"type":"Feature","properties":{"OID_":0,"起点经":113.0099618,"起点纬":24.5518281,"起点年":"现代","终点经":113.010087,"终点纬":24.589181,"Shape_Leng":0.037400134412799997},"geometry":{"type":"LineString","coordinates":[[105.000887892178682,0.000253866941209],[105.000887892966972,0.000254253666804]]}},
{"type":"Feature","properties":{"OID_":0,"起点经":113.0099618,"起点纬":24.5518281,"起点年":"民国","终点经":113.021873,"终点纬":24.58761,"Shape_Leng":0.03772598527},"geometry":{"type":"LineString","coordinates":[[105.000887892178682,0.000253866941209],[105.000887985676599,0.000254237121313]]}},
{"type":"Feature","properties":{"OID_":0,"起点经":113.060344,"起点纬":24.651261,"起点年":"清","终点经":112.955102,"终点纬":24.625713,"Shape_Leng":0.10827003296},"geometry":{"type":"LineString","coordinates":[[105.000888287380576,0.000254895792123],[105.000887460847878,0.000254631091293]]}},
{"type":"Feature","properties":{"OID_":0,"起点经":112.636101,"起点纬":24.468259,"起点年":"民国","终点经":112.995503,"终点纬":24.74508,"Shape_Leng":0.45363707706299999},"geometry":{"type":"LineString","coordinates":[[105.000884954531173,0.000253003564283],[105.000887778269259,0.000255865714212]]}},
{"type":"Feature","properties":{"OID_":0,"起点经":113.060344,"起点纬":24.651261,"起点年":"现代","终点经":112.9588398,"终点纬":24.6260671,"Shape_Leng":0.104581500109},"geometry":{"type":"LineString","coordinates":[[105.000888287380576,0.000254895792123],[105.000887489917901,0.00025463522705]]}},
{"type":"Feature","properties":{"OID_":0,"起点经":112.954641,"起点纬":24.614105,"起点年":"现代","终点经":112.9655068,"终点纬":24.6256441,"Shape_Leng":0.015844874361199999},"geometry":{"type":"LineString","coordinates":[[105.000887456918662,0.000254511144343],[105.000887542558161,0.000254630056297]]}},
{"type":"Feature","properties":{"OID_":0,"起点经":112.636101,"起点纬":24.468259,"起点年":"清","终点经":113.030435,"终点纬":24.604487,"Shape_Leng":0.41716055573499999},"geometry":{"type":"LineString","coordinates":[[105.000884954531173,0.000253003564283],[105.00088805246024,0.000254411870863]]}},
{"type":"Feature","properties":{"OID_":0,"起点经":113.0225368,"起点纬":24.6911141,"起点年":"民国","终点经":112.902633,"终点纬":24.641283,"Shape_Leng":0.12983085095399999},"geometry":{"type":"LineString","coordinates":[[105.000887990397942,0.000255307337853],[105.000887048369208,0.000254792404147]]}},
{"type":"Feature","properties":{"OID_":0,"起点经":119.291596,"起点纬":26.077379,"起点年":"明","终点经":113.3253678,"终点纬":24.8942721,"Shape_Leng":6.0823735554800002},"geometry":{"type":"LineString","coordinates":[[105.000937245300491,0.000269641439189],[105.000890370224155,0.000257408449954]]}},
{"type":"Feature","properties":{"OID_":0,"起点经":119.291596,"起点纬":26.077379,"起点年":"明","终点经":113.313803,"终点纬":24.889212,"Shape_Leng":6.09474462836},"geometry":{"type":"LineString","coordinates":[[105.000937245300491,0.000269641439189],[105.000890279085411,0.000257355715727]]}},
{"type":"Feature","properties":{"OID_":0,"起点经":119.291596,"起点纬":26.077379,"起点年":"明","终点经":113.260502,"终点纬":24.858091,"Shape_Leng":6.1531178856200004},"geometry":{"type":"LineString","coordinates":[[105.000937245300491,0.000269641439189],[105.000889860318011,0.000257034138676]]}},
{"type":"Feature","properties":{"OID_":0,"起点经":112.636101,"起点纬":24.468259,"起点年":"现代","终点经":112.9215338,"终点纬":24.6372781,"Shape_Leng":0.33168382477399999},"geometry":{"type":"LineString","coordinates":[[105.000884954531173,0.000253003564283],[105.000887196861626,0.000254751041339]]}},
{"type":"Feature","properties":{"OID_":0,"起点经":114.410639,"起点纬":23.114875,"起点年":"民国","终点经":113.413601,"终点纬":24.817784,"Shape_Leng":1.9732910087},"geometry":{"type":"LineString","coordinates":[[105.000898896251172,0.000239008894872],[105.000891063184824,0.00025661741214]]}},
{"type":"Feature","properties":{"OID_":0,"起点经":112.636101,"起点纬":24.468259,"起点年":"现代","终点经":112.9038818,"终点纬":24.6070251,"Shape_Leng":0.30158668699000002},"geometry":{"type":"LineString","coordinates":[[105.000884954531173,0.000253003564283],[105.000887058580574,0.000254437733206]]}},
{"type":"Feature","properties":{"OID_":0,"起点经":112.943545,"起点纬":25.40358,"起点年":null,"终点经":113.063481,"终点纬":24.607763,"Shape_Leng":0.80479664422599995},"geometry":{"type":"LineString","coordinates":[[105.000887369764115,0.000262674777904],[105.000888312519137,0.000254445990661]]}},
{"type":"Feature","properties":{"OID_":0,"起点经":112.943545,"起点纬":25.40358,"起点年":null,"终点经":113.061163,"终点纬":24.581753,"Shape_Leng":0.83018584058400002},"geometry":{"type":"LineString","coordinates":[[105.000887369764115,0.000262674777904],[105.000888294446781,0.000254177144176]]}},
{"type":"Feature","properties":{"OID_":0,"起点经":112.943545,"起点纬":25.40358,"起点年":"清","终点经":113.38208,"终点纬":25.029317,"Shape_Leng":0.57660250622700004},"geometry":{"type":"LineString","coordinates":[[105.000887369764115,0.000262674777904],[105.000890815711855,0.000258804379335]]}},
{"type":"Feature","properties":{"OID_":0,"起点经":119.291596,"起点纬":26.077379,"起点年":"明","终点经":113.286934,"终点纬":24.872628,"Shape_Leng":6.1243746737700002},"geometry":{"type":"LineString","coordinates":[[105.000937245300491,0.000269641439189],[105.000890067737444,0.000257184069967]]}},
{"type":"Feature","properties":{"OID_":0,"起点经":113.208534,"起点纬":24.904229,"起点年":"现代","终点经":112.9134088,"终点纬":24.6170111,"Shape_Leng":0.41178617015899999},"geometry":{"type":"LineString","coordinates":[[105.000889451769879,0.000257510829322],[105.000887133220473,0.000254541134887]]}},
{"type":"Feature","properties":{"OID_":0,"起点经":112.943545,"起点纬":25.40358,"起点年":"清","终点经":113.420479,"终点纬":25.01697,"Shape_Leng":0.61399393976399996},"geometry":{"type":"LineString","coordinates":[[105.000887369764115,0.000262674777904],[105.000891117410475,0.000258677190618]]}},
{"type":"Feature","properties":{"OID_":0,"起点经":113.020544,"起点纬":24.564531,"起点年":"现代","终点经":112.924801,"终点纬":24.608141,"Shape_Leng":0.105163918993},"geometry":{"type":"LineString","coordinates":[[105.000887974675521,0.000253998261532],[105.000887222786886,0.000254449105559]]}},
{"type":"Feature","properties":{"OID_":0,"起点经":114.96193,"起点纬":27.0947,"起点年":"明","终点经":113.359081,"终点纬":24.79501,"Shape_Leng":2.80313894286},"geometry":{"type":"LineString","coordinates":[[105.000903227965637,0.000280160995842],[105.000890634989901,0.000256381659345]]}},
{"type":"Feature","properties":{"OID_":0,"起点经":114.96193,"起点纬":27.0947,"起点年":"明","终点经":113.3995678,"终点纬":24.8299861,"Shape_Leng":2.7512992170700001},"geometry":{"type":"LineString","coordinates":[[105.000903227965637,0.000280160995842],[105.000890953191046,0.000256743564562]]}},
{"type":"Feature","properties":{"OID_":0,"起点经":119.291596,"起点纬":26.077379,"起点年":"明","终点经":113.314253,"终点纬":24.85869,"Shape_Leng":6.100274172},"geometry":{"type":"LineString","coordinates":[[105.000937245300491,0.000269641439189],[105.000890283011643,0.000257040337856]]}},
{"type":"Feature","properties":{"OID_":0,"起点经":114.96193,"起点纬":27.0947,"起点年":"明","终点经":113.380926,"终点纬":24.858614,"Shape_Leng":2.7385587837799998},"geometry":{"type":"LineString","coordinates":[[105.000903227965637,0.000280160995842],[105.000890806271698,0.000257039297656]]}},
{"type":"Feature","properties":{"OID_":0,"起点经":114.96193,"起点纬":27.0947,"起点年":"明","终点经":113.384759,"终点纬":24.826295,"Shape_Leng":2.7627672677700001},"geometry":{"type":"LineString","coordinates":[[105.000903227965637,0.000280160995842],[105.00089083691077,0.000256705306976]]}},
{"type":"Feature","properties":{"OID_":0,"起点经":119.291596,"起点纬":26.077379,"起点年":"明","终点经":113.2604618,"终点纬":24.9029891,"Shape_Leng":6.1443781283399996},"geometry":{"type":"LineString","coordinates":[[105.000937245300491,0.000269641439189],[105.00088986032118,0.000257498416203]]}},
{"type":"Feature","properties":{"OID_":0,"起点经":119.291596,"起点纬":26.077379,"起点年":"明","终点经":113.239096,"终点纬":24.887393,"Shape_Leng":6.1683754935100001},"geometry":{"type":"LineString","coordinates":[[105.000937245300491,0.000269641439189],[105.000889692185496,0.000257337110208]]}},
{"type":"Feature","properties":{"OID_":0,"起点经":119.291596,"起点纬":26.077379,"起点年":"明","终点经":113.258273,"终点纬":24.869384,"Shape_Leng":6.1530458232700003},"geometry":{"type":"LineString","coordinates":[[105.000937245300491,0.000269641439189],[105.000889843033946,0.000257150983789]]}},
{"type":"Feature","properties":{"OID_":0,"起点经":119.291596,"起点纬":26.077379,"起点年":null,"终点经":113.185366,"终点纬":24.734428,"Shape_Leng":6.2521458251500004},"geometry":{"type":"LineString","coordinates":[[105.000937245300491,0.000269641439189],[105.000889270266825,0.000255755055896]]}},
{"type":"Feature","properties":{"OID_":0,"起点经":112.943545,"起点纬":25.40358,"起点年":"清","终点经":113.424142,"终点纬":25.019962,"Shape_Leng":0.61491895374399996},"geometry":{"type":"LineString","coordinates":[[105.000887369764115,0.000262674777904],[105.000891145695022,0.000258708211054]]}},
{"type":"Feature","properties":{"OID_":0,"起点经":113.30524,"起点纬":24.752133,"起点年":"现代","终点经":113.295598,"终点纬":24.724757,"Shape_Leng":0.028938728088899999},"geometry":{"type":"LineString","coordinates":[[105.000890211507624,0.000255938067339],[105.000890136080841,0.000255655779219]]}},
{"type":"Feature","properties":{"OID_":0,"起点经":119.64253,"起点纬":29.08219,"起点年":"南宋","终点经":113.380805,"终点纬":24.824128,"Shape_Leng":7.5723379786400002},"geometry":{"type":"LineString","coordinates":[[105.000940002460595,0.000300711801436],[105.000890805483607,0.000256682558798]]}},
{"type":"Feature","properties":{"OID_":0,"起点经":119.291596,"起点纬":26.077379,"起点年":null,"终点经":113.1465588,"终点纬":24.8153221,"Shape_Leng":6.2732703914599997},"geometry":{"type":"LineString","coordinates":[[105.000937245300491,0.000269641439189],[105.000888965430306,0.000256591586238]]}},
{"type":"Feature","properties":{"OID_":0,"起点经":113.396226,"起点纬":24.209769,"起点年":"明","终点经":113.1985698,"终点纬":24.9725861,"Shape_Leng":0.78797817187499997},"geometry":{"type":"LineString","coordinates":[[105.000890926434366,0.000250330537536],[105.000889373992791,0.000258218103807]]}},
{"type":"Feature","properties":{"OID_":0,"起点经":119.291596,"起点纬":26.077379,"起点年":"元","终点经":113.1618288,"终点纬":24.7277691,"Shape_Leng":6.2766127959000002},"geometry":{"type":"LineString","coordinates":[[105.000937245300491,0.000269641439189],[105.000889084846861,0.00025568681236]]}},
{"type":"Feature","properties":{"OID_":0,"起点经":119.291596,"起点纬":26.077379,"起点年":"清","终点经":113.1783288,"终点纬":24.7362721,"Shape_Leng":6.2586728698699998},"geometry":{"type":"LineString","coordinates":[[105.000937245300491,0.000269641439189],[105.000889214483976,0.000255774703035]]}},
{"type":"Feature","properties":{"OID_":0,"起点经":119.291596,"起点纬":26.077379,"起点年":"清","终点经":113.1848928,"终点纬":24.7363671,"Shape_Leng":6.25220488172},"geometry":{"type":"LineString","coordinates":[[105.000937245300491,0.000269641439189],[105.000889266338575,0.000255775736434]]}},
{"type":"Feature","properties":{"OID_":0,"起点经":113.300934,"起点纬":24.724047,"起点年":"民国","终点经":113.297321,"终点纬":24.727254,"Shape_Leng":0.0048836471509500004},"geometry":{"type":"LineString","coordinates":[[105.000890177721601,0.000255647506507],[105.000890149437495,0.0002556816297]]}},
{"type":"Feature","properties":{"OID_":0,"起点经":113.396226,"起点纬":24.209769,"起点年":"明","终点经":113.1994651,"终点纬":24.9716996,"Shape_Leng":0.78688150326299999},"geometry":{"type":"LineString","coordinates":[[105.000890926434366,0.000250330537536],[105.000889381063786,0.000258208797475]]}},
{"type":"Feature","properties":{"OID_":0,"起点经":119.291596,"起点纬":26.077379,"起点年":"明","终点经":113.270909,"终点纬":24.935553,"Shape_Leng":6.1280123801600004},"geometry":{"type":"LineString","coordinates":[[105.000937245300491,0.000269641439189],[105.000889942033766,0.000257835507622]]}},
{"type":"Feature","properties":{"OID_":0,"起点经":113.396226,"起点纬":24.209769,"起点年":"明","终点经":113.179989,"终点纬":24.925565,"Shape_Leng":0.747737975389},"geometry":{"type":"LineString","coordinates":[[105.000890926434366,0.000250330537536],[105.000889227853762,0.000257732113453]]}},
{"type":"Feature","properties":{"OID_":0,"起点经":119.291596,"起点纬":26.077379,"起点年":"明","终点经":113.254933,"终点纬":24.935432,"Shape_Leng":6.1437700868},"geometry":{"type":"LineString","coordinates":[[105.000937245300491,0.000269641439189],[105.000889816325625,0.000257833441047]]}},
{"type":"Feature","properties":{"OID_":0,"起点经":119.291596,"起点纬":26.077379,"起点年":"明","终点经":113.412216,"终点纬":24.925767,"Shape_Leng":5.9911206730100002},"geometry":{"type":"LineString","coordinates":[[105.000937245300491,0.000269641439189],[105.000891052192955,0.000257734159976]]}},
{"type":"Feature","properties":{"OID_":0,"起点经":119.291596,"起点纬":26.077379,"起点年":"明","终点经":113.4032678,"终点纬":24.9042671,"Shape_Leng":6.0040186974800003},"geometry":{"type":"LineString","coordinates":[[105.000937245300491,0.000269641439189],[105.000890982266284,0.000257511845288]]}},
{"type":"Feature","properties":{"OID_":0,"起点经":119.291596,"起点纬":26.077379,"起点年":"清","终点经":113.391911,"终点纬":25.035231,"Shape_Leng":5.99104673162},"geometry":{"type":"LineString","coordinates":[[105.000937245300491,0.000269641439189],[105.000890892708483,0.000258865385942]]}},
{"type":"Feature","properties":{"OID_":0,"起点经":119.291596,"起点纬":26.077379,"起点年":"清","终点经":113.392351,"终点纬":25.032504,"Shape_Leng":5.9910246743500002},"geometry":{"type":"LineString","coordinates":[[105.000937245300491,0.000269641439189],[105.000890896636676,0.000258837467199]]}},
{"type":"Feature","properties":{"OID_":0,"起点经":119.291596,"起点纬":26.077379,"起点年":"清","终点经":113.3924588,"终点纬":25.0000921,"Shape_Leng":5.9966620817300003},"geometry":{"type":"LineString","coordinates":[[105.000937245300491,0.000269641439189],[105.000890897420064,0.000258502442877]]}},
{"type":"Feature","properties":{"OID_":0,"起点经":119.291596,"起点纬":26.077379,"起点年":"明","终点经":112.993769,"终点纬":24.747163,"Shape_Leng":6.4367473842600003},"geometry":{"type":"LineString","coordinates":[[105.000937245300491,0.000269641439189],[105.000887764912918,0.000255887428892]]}},
{"type":"Feature","properties":{"OID_":0,"起点经":113.26188,"起点纬":24.702102,"起点年":"现代","终点经":113.2717318,"终点纬":24.7134561,"Shape_Leng":0.015033294679400001},"geometry":{"type":"LineString","coordinates":[[105.000889871306498,0.000255421058514],[105.000889948303524,0.000255538936525]]}},
{"type":"Feature","properties":{"OID_":0,"起点经":113.25747,"起点纬":24.711131,"起点年":"现代","终点经":113.2685698,"终点纬":24.7140691,"Shape_Leng":0.011498258846700001},"geometry":{"type":"LineString","coordinates":[[105.0008898367374,0.000255514121218],[105.000889923947611,0.000255545140965]]}},
{"type":"Feature","properties":{"OID_":0,"起点经":119.291596,"起点纬":26.077379,"起点年":"清","终点经":113.005392,"终点纬":24.744564,"Shape_Leng":6.4259369980600001},"geometry":{"type":"LineString","coordinates":[[105.000937245300491,0.000269641439189],[105.000887856051122,0.000255860543182]]}},
{"type":"Feature","properties":{"OID_":0,"起点经":119.291596,"起点纬":26.077379,"起点年":"民国","终点经":113.009989,"终点纬":24.735095,"Shape_Leng":6.4234155890700002},"geometry":{"type":"LineString","coordinates":[[105.000937245300491,0.000269641439189],[105.000887892191571,0.000255762310301]]}},
{"type":"Feature","properties":{"OID_":0,"起点经":113.140396,"起点纬":24.986726,"起点年":"清","终点经":113.2660144,"终点纬":24.775602,"Shape_Leng":0.24563910463499999},"geometry":{"type":"LineString","coordinates":[[105.00088891673046,0.000258363906831],[105.000889903524381,0.000256181067015]]}},
{"type":"Feature","properties":{"OID_":0,"起点经":113.2674868,"起点纬":24.7769941,"起点年":"清","终点经":113.2660144,"终点纬":24.775602,"Shape_Leng":0.0020518275999699999},"geometry":{"type":"LineString","coordinates":[[105.0008899153096,0.000256195543224],[105.000889903524381,0.000256181067015]]}},
{"type":"Feature","properties":{"OID_":0,"起点经":113.2674868,"起点纬":24.7769941,"起点年":"清","终点经":113.271188,"终点纬":24.777989,"Shape_Leng":0.0038327565451499999},"geometry":{"type":"LineString","coordinates":[[105.0008899153096,0.000256195543224],[105.000889944379708,0.000256205883122]]}},
{"type":"Feature","properties":{"OID_":0,"起点经":113.3097118,"起点纬":24.7709391,"起点年":"明","终点经":113.271188,"终点纬":24.777989,"Shape_Leng":0.0391492015831},"geometry":{"type":"LineString","coordinates":[[105.000890246864373,0.000256132463729],[105.000889944379708,0.000256205883122]]}},
{"type":"Feature","properties":{"OID_":0,"起点经":113.3033118,"起点纬":24.7485001,"起点年":"明","终点经":113.271188,"终点纬":24.777989,"Shape_Leng":0.043596559240900001},"geometry":{"type":"LineString","coordinates":[[105.000890196579547,0.000255900842574],[105.000889944379708,0.000256205883122]]}},
{"type":"Feature","properties":{"OID_":0,"起点经":113.396226,"起点纬":24.209769,"起点年":"明","终点经":113.18224,"终点纬":24.929281,"Shape_Leng":0.75065055130199998},"geometry":{"type":"LineString","coordinates":[[105.000890926434366,0.000250330537536],[105.000889245138893,0.000257770372204]]}},
{"type":"Feature","properties":{"OID_":0,"起点经":113.2674868,"起点纬":24.7769941,"起点年":"清","终点经":113.271188,"终点纬":24.777989,"Shape_Leng":0.0038327565451499999},"geometry":{"type":"LineString","coordinates":[[105.0008899153096,0.000256195543224],[105.000889944379708,0.000256205883122]]}},
{"type":"Feature","properties":{"OID_":0,"起点经":113.3097118,"起点纬":24.7709391,"起点年":"明","终点经":113.271188,"终点纬":24.777989,"Shape_Leng":0.0391492015831},"geometry":{"type":"LineString","coordinates":[[105.000890246864373,0.000256132463729],[105.000889944379708,0.000256205883122]]}},
{"type":"Feature","properties":{"OID_":0,"起点经":113.3033118,"起点纬":24.7485001,"起点年":"明","终点经":113.271188,"终点纬":24.777989,"Shape_Leng":0.043596559240900001},"geometry":{"type":"LineString","coordinates":[[105.000890196579547,0.000255900842574],[105.000889944379708,0.000256205883122]]}},
{"type":"Feature","properties":{"OID_":0,"起点经":117.012321,"起点纬":25.078242,"起点年":"明","终点经":113.134324,"终点纬":24.720255,"Shape_Leng":3.8944802476699998},"geometry":{"type":"LineString","coordinates":[[105.000919337317995,0.000259309675662],[105.000888868785509,0.000255609263003]]}},
{"type":"Feature","properties":{"OID_":0,"起点经":119.291596,"起点纬":26.077379,"起点年":"清","终点经":113.007528,"终点纬":24.727793,"Shape_Leng":6.4273892807299999},"geometry":{"type":"LineString","coordinates":[[105.000937245300491,0.000269641439189],[105.000887872549157,0.000255686826653]]}},
{"type":"Feature","properties":{"OID_":0,"起点经":119.291596,"起点纬":26.077379,"起点年":"民国","终点经":112.9921316,"终点纬":24.7437036,"Shape_Leng":6.4391347194300002},"geometry":{"type":"LineString","coordinates":[[105.000937245300491,0.000269641439189],[105.000887751556192,0.000255851238181]]}},
{"type":"Feature","properties":{"OID_":0,"起点经":119.291596,"起点纬":26.077379,"起点年":"清","终点经":113.022295,"终点纬":24.571989,"Shape_Leng":6.4475073971599999},"geometry":{"type":"LineString","coordinates":[[105.000937245300491,0.000269641439189],[105.000887988818221,0.000254075813253]]}},
{"type":"Feature","properties":{"OID_":0,"起点经":119.291596,"起点纬":26.077379,"起点年":"清","终点经":113.0213088,"终点纬":24.5667501,"Shape_Leng":6.4496956874300002},"geometry":{"type":"LineString","coordinates":[[105.000937245300491,0.000269641439189],[105.000887980961082,0.00025402204403]]}},
{"type":"Feature","properties":{"OID_":0,"起点经":113.396226,"起点纬":24.209769,"起点年":"明","终点经":113.1713948,"终点纬":24.9052281,"Shape_Leng":0.73083253915799995},"geometry":{"type":"LineString","coordinates":[[105.000890926434366,0.000250330537536],[105.000889160284217,0.000257521173048]]}},
{"type":"Feature","properties":{"OID_":0,"起点经":119.291596,"起点纬":26.077379,"起点年":"清","终点经":113.020189,"终点纬":24.563058,"Shape_Leng":6.4516325423099996},"geometry":{"type":"LineString","coordinates":[[105.000937245300491,0.000269641439189],[105.000887972318395,0.000253983785168]]}},
{"type":"Feature","properties":{"OID_":0,"起点经":119.291596,"起点纬":26.077379,"起点年":"清","终点经":113.02855,"终点纬":24.561334,"Shape_Leng":6.44389076664},"geometry":{"type":"LineString","coordinates":[[105.000937245300491,0.000269641439189],[105.000888038315026,0.000253965171937]]}},
{"type":"Feature","properties":{"OID_":0,"起点经":113.396226,"起点纬":24.209769,"起点年":"清","终点经":113.0752728,"终点纬":24.5560641,"Shape_Leng":0.472123394872},"geometry":{"type":"LineString","coordinates":[[105.000890926434366,0.000250330537536],[105.000888405225254,0.000253911398285]]}},
{"type":"Feature","properties":{"OID_":0,"起点经":113.3057686,"起点纬":24.7516683,"起点年":"现代","终点经":113.307763,"终点纬":24.744768,"Shape_Leng":0.0071840095897100003},"geometry":{"type":"LineString","coordinates":[[105.000890216221649,0.000255933931182],[105.000890231934676,0.000255862583202]]}},
{"type":"Feature","properties":{"OID_":0,"起点经":113.396226,"起点纬":24.209769,"起点年":"明","终点经":113.1176978,"终点纬":24.5208971,"Shape_Leng":0.41754695638599998},"geometry":{"type":"LineString","coordinates":[[105.000890926434366,0.000250330537536],[105.000888738349289,0.000253547417317]]}},
{"type":"Feature","properties":{"OID_":0,"起点经":113.396226,"起点纬":24.209769,"起点年":"明","终点经":113.1221728,"终点纬":24.5205081,"Shape_Leng":0.41425896453700001},"geometry":{"type":"LineString","coordinates":[[105.000890926434366,0.000250330537536],[105.000888773704688,0.000253543280806]]}},
{"type":"Feature","properties":{"OID_":0,"起点经":119.291596,"起点纬":26.077379,"起点年":"清","终点经":113.016302,"终点纬":24.570397,"Shape_Leng":6.4537151384999998},"geometry":{"type":"LineString","coordinates":[[105.000937245300491,0.000269641439189],[105.000887941677547,0.000254059269404]]}},
{"type":"Feature","properties":{"OID_":0,"起点经":119.291596,"起点纬":26.077379,"起点年":"清","终点经":112.987,"终点纬":24.55891,"Shape_Leng":6.4848919355300003},"geometry":{"type":"LineString","coordinates":[[105.000937245300491,0.000269641439189],[105.000887711473752,0.000253940359159]]}},
{"type":"Feature","properties":{"OID_":0,"起点经":119.291596,"起点纬":26.077379,"起点年":"清","终点经":112.980768,"终点纬":24.55144,"Shape_Leng":6.4926783881299999},"geometry":{"type":"LineString","coordinates":[[105.000937245300491,0.000269641439189],[105.000887662761315,0.000253862807816]]}},
{"type":"Feature","properties":{"OID_":0,"起点经":119.291596,"起点纬":26.077379,"起点年":"清","终点经":113.005993,"终点纬":24.52778,"Shape_Leng":6.4737954483999998},"geometry":{"type":"LineString","coordinates":[[105.000937245300491,0.000269641439189],[105.00088786074997,0.000253618775418]]}},
{"type":"Feature","properties":{"OID_":0,"起点经":119.291596,"起点纬":26.077379,"起点年":"清","终点经":112.9767448,"终点纬":24.5471891,"Shape_Leng":6.49765142535},"geometry":{"type":"LineString","coordinates":[[105.000937245300491,0.000269641439189],[105.000887630548334,0.000253819379111]]}},
{"type":"Feature","properties":{"OID_":0,"起点经":119.291596,"起点纬":26.077379,"起点年":"民国","终点经":113.0048928,"终点纬":24.5336971,"Shape_Leng":6.4734539907100004},"geometry":{"type":"LineString","coordinates":[[105.000937245300491,0.000269641439189],[105.000887852107937,0.000253679783046]]}},
{"type":"Feature","properties":{"OID_":0,"起点经":119.291596,"起点纬":26.077379,"起点年":"民国","终点经":113.00671,"终点纬":24.556218,"Shape_Leng":6.4663759114900001},"geometry":{"type":"LineString","coordinates":[[105.000937245300491,0.000269641439189],[105.000887866251688,0.000253912438641]]}},
{"type":"Feature","properties":{"OID_":0,"起点经":119.291596,"起点纬":26.077379,"起点年":"民国","终点经":113.004146,"终点纬":24.542968,"Shape_Leng":6.4720197488500002},"geometry":{"type":"LineString","coordinates":[[105.000937245300491,0.000269641439189],[105.000887845823186,0.000253775947498]]}},
{"type":"Feature","properties":{"OID_":0,"起点经":119.291596,"起点纬":26.077379,"起点年":"民国","终点经":113.0099618,"终点纬":24.5518281,"Shape_Leng":6.4642055893699997},"geometry":{"type":"LineString","coordinates":[[105.000937245300491,0.000269641439189],[105.000887892178682,0.000253866941209]]}},
{"type":"Feature","properties":{"OID_":0,"起点经":119.291596,"起点纬":26.077379,"起点年":"清","终点经":112.938915,"终点纬":24.610151,"Shape_Leng":6.5199289193899999},"geometry":{"type":"LineString","coordinates":[[105.000937245300491,0.000269641439189],[105.00088733356732,0.000254470818785]]}},
{"type":"Feature","properties":{"OID_":0,"起点经":113.396226,"起点纬":24.209769,"起点年":"明","终点经":113.1188228,"终点纬":24.5274641,"Shape_Leng":0.42176302677900002},"geometry":{"type":"LineString","coordinates":[[105.000890926434366,0.000250330537536],[105.000888746992189,0.000253615662905]]}},
{"type":"Feature","properties":{"OID_":0,"起点经":113.396226,"起点纬":24.209769,"起点年":"民国","终点经":113.114493,"终点纬":24.543968,"Shape_Leng":0.43708640991499997},"geometry":{"type":"LineString","coordinates":[[105.000890926434366,0.000250330537536],[105.000888713209307,0.000253786277542]]}},
{"type":"Feature","properties":{"OID_":0,"起点经":113.3057686,"起点纬":24.7516683,"起点年":"清","终点经":113.3058,"终点纬":24.740403,"Shape_Leng":0.0113000003621},"geometry":{"type":"LineString","coordinates":[[105.000890216221649,0.000255933931182],[105.000890216220853,0.000255817086258]]}},
{"type":"Feature","properties":{"OID_":0,"起点经":119.291596,"起点纬":26.077379,"起点年":"明","终点经":113.247928,"终点纬":24.711423,"Shape_Leng":6.1961492613800004},"geometry":{"type":"LineString","coordinates":[[105.000937245300491,0.000269641439189],[105.000889761312564,0.000255517224187]]}},
{"type":"Feature","properties":{"OID_":0,"起点经":119.291596,"起点纬":26.077379,"起点年":"明","终点经":113.300934,"终点纬":24.724047,"Shape_Leng":6.1416755072999996},"geometry":{"type":"LineString","coordinates":[[105.000937245300491,0.000269641439189],[105.000890177721601,0.000255647506507]]}},
{"type":"Feature","properties":{"OID_":0,"起点经":119.291596,"起点纬":26.077379,"起点年":"明","终点经":113.2883728,"终点纬":24.7268811,"Shape_Leng":6.15323170933},"geometry":{"type":"LineString","coordinates":[[105.000937245300491,0.000269641439189],[105.000890079512345,0.000255677494432]]}},
{"type":"Feature","properties":{"OID_":0,"起点经":119.291596,"起点纬":26.077379,"起点年":"清","终点经":113.3000008,"终点纬":24.7491421,"Shape_Leng":6.13707189488},"geometry":{"type":"LineString","coordinates":[[105.000937245300491,0.000269641439189],[105.000890170652283,0.000255907047036]]}},
{"type":"Feature","properties":{"OID_":0,"起点经":119.291596,"起点纬":26.077379,"起点年":"明","终点经":113.3038288,"终点纬":24.7560641,"Shape_Leng":6.1318498440799996},"geometry":{"type":"LineString","coordinates":[[105.000937245300491,0.000269641439189],[105.000890200508465,0.000255979428481]]}},
{"type":"Feature","properties":{"OID_":0,"起点经":119.291596,"起点纬":26.077379,"起点年":"明","终点经":113.2495318,"终点纬":24.7590971,"Shape_Leng":6.1842450883},"geometry":{"type":"LineString","coordinates":[[105.000937245300491,0.000269641439189],[105.000889773886712,0.000256010454299]]}},
{"type":"Feature","properties":{"OID_":0,"起点经":119.291596,"起点纬":26.077379,"起点年":"明","终点经":113.233958,"终点纬":24.75918,"Shape_Leng":6.1993684345300002},"geometry":{"type":"LineString","coordinates":[[105.000937245300491,0.000269641439189],[105.000889652106991,0.00025601148975]]}},
{"type":"Feature","properties":{"OID_":0,"起点经":119.291596,"起点纬":26.077379,"起点年":"明","终点经":113.2473508,"终点纬":24.7550891,"Shape_Leng":6.1871504687799996},"geometry":{"type":"LineString","coordinates":[[105.000937245300491,0.000269641439189],[105.000889757387256,0.000255969093455]]}},
{"type":"Feature","properties":{"OID_":0,"起点经":119.291596,"起点纬":26.077379,"起点年":"明","终点经":113.2510648,"终点纬":24.7652611,"Shape_Leng":6.18136284817},"geometry":{"type":"LineString","coordinates":[[105.000937245300491,0.000269641439189],[105.000889786457975,0.000256074563741]]}},
{"type":"Feature","properties":{"OID_":0,"起点经":113.139066,"起点纬":25.036864,"起点年":"清","终点经":113.24335,"终点纬":24.733537,"Shape_Leng":0.320827133712},"geometry":{"type":"LineString","coordinates":[[105.000888906520217,0.000258882987801],[105.000889725958686,0.000255745744281]]}},
{"type":"Feature","properties":{"OID_":0,"起点经":119.291596,"起点纬":26.077379,"起点年":"明","终点经":113.2881,"终点纬":24.768943,"Shape_Leng":6.1444433837799997},"geometry":{"type":"LineString","coordinates":[[105.000937245300491,0.000269641439189],[105.00089007715826,0.00025611178521]]}},
{"type":"Feature","properties":{"OID_":0,"起点经":113.3317588,"起点纬":24.7544141,"起点年":"清","终点经":113.284127,"终点纬":24.769469,"Shape_Leng":0.050032988353599997},"geometry":{"type":"LineString","coordinates":[[105.000890420497541,0.00025596184745],[105.000890045731268,0.00025611798975]]}},
{"type":"Feature","properties":{"OID_":0,"起点经":119.291596,"起点纬":26.077379,"起点年":"明","终点经":113.2846508,"终点纬":24.7710921,"Shape_Leng":6.1472975620700003},"geometry":{"type":"LineString","coordinates":[[105.000937245300491,0.000269641439189],[105.000890050445435,0.000256134534109]]}},
{"type":"Feature","properties":{"OID_":0,"起点经":119.291596,"起点纬":26.077379,"起点年":"明","终点经":113.290254,"终点纬":24.76642,"Shape_Leng":6.14282692945},"geometry":{"type":"LineString","coordinates":[[105.000937245300491,0.000269641439189],[105.000890094442951,0.000256085934396]]}},
{"type":"Feature","properties":{"OID_":0,"起点经":119.291596,"起点纬":26.077379,"起点年":"明","终点经":113.286684,"终点纬":24.768227,"Shape_Leng":6.1459603531000004},"geometry":{"type":"LineString","coordinates":[[105.000937245300491,0.000269641439189],[105.000890066158746,0.000256104547172]]}},
{"type":"Feature","properties":{"OID_":0,"起点经":119.291596,"起点纬":26.077379,"起点年":"清","终点经":113.2968228,"终点纬":24.7796141,"Shape_Leng":6.1336703445899996},"geometry":{"type":"LineString","coordinates":[[105.000937245300491,0.000269641439189],[105.000890145512798,0.000256222425162]]}},
{"type":"Feature","properties":{"OID_":0,"起点经":119.291596,"起点纬":26.077379,"起点年":"民国","终点经":113.305158,"终点纬":24.781343,"Shape_Leng":6.1251008300900001},"geometry":{"type":"LineString","coordinates":[[105.000937245300491,0.000269641439189],[105.000890211509684,0.00025624000282]]}},
{"type":"Feature","properties":{"OID_":0,"起点经":119.291596,"起点纬":26.077379,"起点年":"清","终点经":113.3036228,"终点纬":24.7841141,"Shape_Leng":6.1260728783699996},"geometry":{"type":"LineString","coordinates":[[105.000937245300491,0.000269641439189],[105.000890198939061,0.000256268955682]]}},
{"type":"Feature","properties":{"OID_":0,"起点经":119.291596,"起点纬":26.077379,"起点年":"明","终点经":113.324528,"终点纬":24.770746,"Shape_Leng":6.1084979595100002},"geometry":{"type":"LineString","coordinates":[[105.000937245300491,0.000269641439189],[105.00089036314435,0.000256130394313]]}},
{"type":"Feature","properties":{"OID_":0,"起点经":119.291596,"起点纬":26.077379,"起点年":"宋","终点经":113.319861,"终点纬":24.790709,"Shape_Leng":6.1087476456400003},"geometry":{"type":"LineString","coordinates":[[105.000937245300491,0.000269641439189],[105.000890327004683,0.000256337199883]]}},
{"type":"Feature","properties":{"OID_":0,"起点经":113.298461,"起点纬":24.759079,"起点年":"清","终点经":113.328995,"终点纬":24.797124,"Shape_Leng":0.0487262751008},"geometry":{"type":"LineString","coordinates":[[105.000890158867861,0.000256010449749],[105.000890398501639,0.000256403376655]]}},
{"type":"Feature","properties":{"OID_":0,"起点经":113.396226,"起点纬":24.209769,"起点年":"民国","终点经":113.114357,"终点纬":24.539934,"Shape_Leng":0.43402448201100002},"geometry":{"type":"LineString","coordinates":[[105.000890926434366,0.000250330537536],[105.000888712423333,0.00025374388249]]}},
{"type":"Feature","properties":{"OID_":0,"起点经":119.291596,"起点纬":26.077379,"起点年":"宋","终点经":113.306096,"终点纬":24.78279,"Shape_Leng":6.1239039357399996},"geometry":{"type":"LineString","coordinates":[[105.000937245300491,0.000269641439189],[105.000890218580878,0.000256255513137]]}},
{"type":"Feature","properties":{"OID_":0,"起点经":119.291596,"起点纬":26.077379,"起点年":"宋","终点经":113.31021,"终点纬":24.77484,"Shape_Leng":6.1215939706600002},"geometry":{"type":"LineString","coordinates":[[105.000937245300491,0.000269641439189],[105.000890250793006,0.000256172790674]]}},
{"type":"Feature","properties":{"OID_":0,"起点经":119.291596,"起点纬":26.077379,"起点年":"明","终点经":113.3274178,"终点纬":24.8162191,"Shape_Leng":6.0960894919099999},"geometry":{"type":"LineString","coordinates":[[105.000937245300491,0.000269641439189],[105.000890385932166,0.000256600875703]]}},
{"type":"Feature","properties":{"OID_":0,"起点经":113.396226,"起点纬":24.209769,"起点年":null,"终点经":113.074039,"终点纬":24.507846,"Shape_Leng":0.43888135057},"geometry":{"type":"LineString","coordinates":[[105.000890926434366,0.000250330537536],[105.000888395008076,0.000253411964011]]}},
{"type":"Feature","properties":{"OID_":0,"起点经":119.291596,"起点纬":26.077379,"起点年":"明","终点经":113.3146478,"终点纬":24.8080221,"Shape_Leng":6.1103113980200003},"geometry":{"type":"LineString","coordinates":[[105.000937245300491,0.000269641439189],[105.000890285365088,0.00025651608681]]}},
{"type":"Feature","properties":{"OID_":0,"起点经":119.291596,"起点纬":26.077379,"起点年":"明","终点经":113.3228698,"终点纬":24.8094391,"Shape_Leng":6.1019016445899998},"geometry":{"type":"LineString","coordinates":[[105.000937245300491,0.000269641439189],[105.000890350576285,0.000256530562375]]}},
{"type":"Feature","properties":{"OID_":0,"起点经":119.291596,"起点纬":26.077379,"起点年":"清","终点经":113.3059428,"终点纬":24.7588721,"Shape_Leng":6.1291962557100002},"geometry":{"type":"LineString","coordinates":[[105.000937245300491,0.000269641439189],[105.00089021700785,0.000256008380999]]}},
{"type":"Feature","properties":{"OID_":0,"起点经":113.396226,"起点纬":24.209769,"起点年":"明","终点经":113.177449,"终点纬":24.884418,"Shape_Leng":0.70919574151200004},"geometry":{"type":"LineString","coordinates":[[105.000890926434366,0.000250330537536],[105.000889207423313,0.000257306095121]]}},
{"type":"Feature","properties":{"OID_":0,"起点经":119.291596,"起点纬":26.077379,"起点年":"元","终点经":113.3214338,"终点纬":24.7580721,"Shape_Leng":6.1142326183},"geometry":{"type":"LineString","coordinates":[[105.000937245300491,0.000269641439189],[105.000890338787542,0.000256000107377]]}},
{"type":"Feature","properties":{"OID_":0,"起点经":119.291596,"起点纬":26.077379,"起点年":"明","终点经":113.322553,"终点纬":24.762629,"Shape_Leng":6.1120912988600002},"geometry":{"type":"LineString","coordinates":[[105.000937245300491,0.000269641439189],[105.000890348215961,0.000256046638408]]}},
{"type":"Feature","properties":{"OID_":0,"起点经":119.291596,"起点纬":26.077379,"起点年":"明","终点经":113.324907,"终点纬":24.765264,"Shape_Leng":6.1092647090599996},"geometry":{"type":"LineString","coordinates":[[105.000937245300491,0.000269641439189],[105.000890366286697,0.000256074556895]]}},
{"type":"Feature","properties":{"OID_":0,"起点经":119.291596,"起点纬":26.077379,"起点年":"明","终点经":113.298629,"终点纬":24.764141,"Shape_Leng":6.1352103384800003},"geometry":{"type":"LineString","coordinates":[[105.000937245300491,0.000269641439189],[105.000890159653878,0.000256062151011]]}},
{"type":"Feature","properties":{"OID_":0,"起点经":119.291596,"起点纬":26.077379,"起点年":"明","终点经":113.298461,"终点纬":24.759079,"Shape_Leng":6.1363802426799996},"geometry":{"type":"LineString","coordinates":[[105.000937245300491,0.000269641439189],[105.000890158867861,0.000256010449749]]}},
{"type":"Feature","properties":{"OID_":0,"起点经":113.277323,"起点纬":24.718482,"起点年":"现代","终点经":113.322104,"终点纬":24.787192,"Shape_Leng":0.082016643538700001},"geometry":{"type":"LineString","coordinates":[[105.000889992301722,0.000255590637277],[105.000890344289303,0.000256301008783]]}},
{"type":"Feature","properties":{"OID_":0,"起点经":113.396226,"起点纬":24.209769,"起点年":"清","终点经":112.9954333,"终点纬":24.60040278,"Shape_Leng":0.55965078430399995},"geometry":{"type":"LineString","coordinates":[[105.000890926434366,0.000250330537536],[105.000887777473423,0.000254369479063]]}},
{"type":"Feature","properties":{"OID_":0,"起点经":119.291596,"起点纬":26.077379,"起点年":"明","终点经":113.3097118,"终点纬":24.7709391,"Shape_Leng":6.12291350983},"geometry":{"type":"LineString","coordinates":[[105.000937245300491,0.000269641439189],[105.000890246864373,0.000256132463729]]}},
{"type":"Feature","properties":{"OID_":0,"起点经":113.300934,"起点纬":24.724047,"起点年":"现代","终点经":113.301455,"终点纬":24.78503,"Shape_Leng":0.061002950492400003},"geometry":{"type":"LineString","coordinates":[[105.000890177721601,0.000255647506507],[105.000890182439946,0.000256278262125]]}},
{"type":"Feature","properties":{"OID_":0,"起点经":119.291596,"起点纬":26.077379,"起点年":"明","终点经":113.309436,"终点纬":24.767288,"Shape_Leng":6.1239757391499996},"geometry":{"type":"LineString","coordinates":[[105.000937245300491,0.000269641439189],[105.00089024450709,0.000256095238831]]}},
{"type":"Feature","properties":{"OID_":0,"起点经":119.291596,"起点纬":26.077379,"起点年":"明","终点经":113.318907,"终点纬":24.765228,"Shape_Leng":6.1151462882400001},"geometry":{"type":"LineString","coordinates":[[105.000937245300491,0.000269641439189],[105.000890319146137,0.000256073523419]]}},
{"type":"Feature","properties":{"OID_":0,"起点经":119.291596,"起点纬":26.077379,"起点年":"明","终点经":113.302295,"终点纬":24.762564,"Shape_Leng":6.1319176076000002},"geometry":{"type":"LineString","coordinates":[[105.000937245300491,0.000269641439189],[105.000890188723758,0.000256046640316]]}},
{"type":"Feature","properties":{"OID_":0,"起点经":119.291596,"起点纬":26.077379,"起点年":"明","终点经":113.32445,"终点纬":24.763617,"Shape_Leng":6.1100206932100001},"geometry":{"type":"LineString","coordinates":[[105.000937245300491,0.000269641439189],[105.000890363143853,0.000256056978471]]}},
{"type":"Feature","properties":{"OID_":0,"起点经":119.291596,"起点纬":26.077379,"起点年":"明","终点经":113.3317588,"终点纬":24.7544141,"Shape_Leng":6.10487879113},"geometry":{"type":"LineString","coordinates":[[105.000937245300491,0.000269641439189],[105.000890420497541,0.00025596184745]]}},
{"type":"Feature","properties":{"OID_":0,"起点经":119.291596,"起点纬":26.077379,"起点年":"明","终点经":113.360588,"终点纬":24.759886,"Shape_Leng":6.0755713534},"geometry":{"type":"LineString","coordinates":[[105.000937245300491,0.000269641439189],[105.000890646772547,0.000256018716192]]}},
{"type":"Feature","properties":{"OID_":0,"起点经":119.291596,"起点纬":26.077379,"起点年":"唐","终点经":113.338176,"终点纬":24.753553,"Shape_Leng":6.0988046377599998},"geometry":{"type":"LineString","coordinates":[[105.000937245300491,0.000269641439189],[105.000890470780732,0.000255953574638]]}},
{"type":"Feature","properties":{"OID_":0,"起点经":119.291596,"起点纬":26.077379,"起点年":null,"终点经":113.3783508,"终点纬":24.7559281,"Shape_Leng":6.0590672937800001},"geometry":{"type":"LineString","coordinates":[[105.000937245300491,0.000269641439189],[105.000890786622591,0.000255977353507]]}},
{"type":"Feature","properties":{"OID_":0,"起点经":119.291596,"起点纬":26.077379,"起点年":"明","终点经":113.3600788,"终点纬":24.7668421,"Shape_Leng":6.0745670295899998},"geometry":{"type":"LineString","coordinates":[[105.000937245300491,0.000269641439189],[105.000890642844681,0.000256090064017]]}},
{"type":"Feature","properties":{"OID_":0,"起点经":119.291596,"起点纬":26.077379,"起点年":"明","终点经":113.365691,"终点纬":24.756501,"Shape_Leng":6.0713316193400004},"geometry":{"type":"LineString","coordinates":[[105.000937245300491,0.000269641439189],[105.000890686841785,0.000255983558856]]}},
{"type":"Feature","properties":{"OID_":0,"起点经":119.291596,"起点纬":26.077379,"起点年":"明","终点经":113.37501,"终点纬":24.739289,"Shape_Leng":6.0660256488200002},"geometry":{"type":"LineString","coordinates":[[105.000937245300491,0.000269641439189],[105.000890759908415,0.000255805705561]]}},
{"type":"Feature","properties":{"OID_":0,"起点经":119.291596,"起点纬":26.077379,"起点年":"明","终点经":113.3618568,"终点纬":24.7651561,"Shape_Leng":6.0731549386900001},"geometry":{"type":"LineString","coordinates":[[105.000937245300491,0.000269641439189],[105.000890656986741,0.000256073519435]]}},
{"type":"Feature","properties":{"OID_":0,"起点经":119.291596,"起点纬":26.077379,"起点年":"明","终点经":113.341134,"终点纬":24.751534,"Shape_Leng":6.0964301900500004},"geometry":{"type":"LineString","coordinates":[[105.000937245300491,0.000269641439189],[105.000890493565194,0.000255931859858]]}},
{"type":"Feature","properties":{"OID_":0,"起点经":113.396226,"起点纬":24.209769,"起点年":"民国","终点经":113.008906,"终点纬":24.616795,"Shape_Leng":0.56182763318200002},"geometry":{"type":"LineString","coordinates":[[105.000890926434366,0.000250330537536],[105.000887883540813,0.000254539058004]]}},
{"type":"Feature","properties":{"OID_":0,"起点经":119.291596,"起点纬":26.077379,"起点年":"明","终点经":113.3540538,"终点纬":24.7658081,"Shape_Leng":6.0806414800699997},"geometry":{"type":"LineString","coordinates":[[105.000937245300491,0.000269641439189],[105.00089059570405,0.000256079724297]]}},
{"type":"Feature","properties":{"OID_":0,"起点经":119.291596,"起点纬":26.077379,"起点年":"明","终点经":113.3639288,"终点纬":24.7386581,"Shape_Leng":6.0769848610299997},"geometry":{"type":"LineString","coordinates":[[105.000937245300491,0.000269641439189],[105.000890672698361,0.000255799502441]]}},
{"type":"Feature","properties":{"OID_":0,"起点经":119.291596,"起点纬":26.077379,"起点年":"明","终点经":113.3225338,"终点纬":24.7412081,"Shape_Leng":6.1168280367500003},"geometry":{"type":"LineString","coordinates":[[105.000937245300491,0.000269641439189],[105.000890347428779,0.000255825356917]]}},
{"type":"Feature","properties":{"OID_":0,"起点经":119.291596,"起点纬":26.077379,"起点年":"清","终点经":113.3240428,"终点纬":24.7148031,"Shape_Leng":6.1211868546100003},"geometry":{"type":"LineString","coordinates":[[105.000937245300491,0.000269641439189],[105.000890359212065,0.00025555237401]]}},
{"type":"Feature","properties":{"OID_":0,"起点经":119.291596,"起点纬":26.077379,"起点年":"清","终点经":113.326994,"终点纬":24.713544,"Shape_Leng":6.1185518202400004},"geometry":{"type":"LineString","coordinates":[[105.000937245300491,0.000269641439189],[105.000890382782231,0.000255538931399]]}},
{"type":"Feature","properties":{"OID_":0,"起点经":119.291596,"起点纬":26.077379,"起点年":"清","终点经":113.3259898,"终点纬":24.7066171,"Shape_Leng":6.1210682062200004},"geometry":{"type":"LineString","coordinates":[[105.000937245300491,0.000269641439189],[105.000890374924992,0.000255467583718]]}},
{"type":"Feature","properties":{"OID_":0,"起点经":113.396226,"起点纬":24.209769,"起点年":"清","终点经":112.954641,"终点纬":24.614105,"Shape_Leng":0.59872285052499996},"geometry":{"type":"LineString","coordinates":[[105.000890926434366,0.000250330537536],[105.000887456918662,0.000254511144343]]}},
{"type":"Feature","properties":{"OID_":0,"起点经":113.396226,"起点纬":24.209769,"起点年":"现代","终点经":112.9427288,"终点纬":24.6370671,"Shape_Leng":0.62309513083000001},"geometry":{"type":"LineString","coordinates":[[105.000890926434366,0.000250330537536],[105.000887363424866,0.000254748971358]]}},
{"type":"Feature","properties":{"OID_":0,"起点经":119.291596,"起点纬":26.077379,"起点年":"明","终点经":113.3225338,"终点纬":24.7412081,"Shape_Leng":6.1168280367500003},"geometry":{"type":"LineString","coordinates":[[105.000937245300491,0.000269641439189],[105.000890347428779,0.000255825356917]]}},
{"type":"Feature","properties":{"OID_":0,"起点经":119.291596,"起点纬":26.077379,"起点年":"明","终点经":113.333014,"终点纬":24.746667,"Shape_Leng":6.10538094177},"geometry":{"type":"LineString","coordinates":[[105.000937245300491,0.000269641439189],[105.000890429925121,0.000255882227357]]}},
{"type":"Feature","properties":{"OID_":0,"起点经":113.396226,"起点纬":24.209769,"起点年":"现代","终点经":112.89416,"终点纬":24.609306,"Shape_Leng":0.64156390937899999},"geometry":{"type":"LineString","coordinates":[[105.000890926434366,0.000250330537536],[105.00088698237019,0.000254461516691]]}},
{"type":"Feature","properties":{"OID_":0,"起点经":119.291596,"起点纬":26.077379,"起点年":"清","终点经":113.360439,"终点纬":24.815,"Shape_Leng":6.0640569930600003},"geometry":{"type":"LineString","coordinates":[[105.000937245300491,0.000269641439189],[105.000890645205089,0.000256588464371]]}},
{"type":"Feature","properties":{"OID_":0,"起点经":119.291596,"起点纬":26.077379,"起点年":"清","终点经":113.350141,"终点纬":24.825172,"Shape_Leng":6.0720200179},"geometry":{"type":"LineString","coordinates":[[105.000937245300491,0.000269641439189],[105.000890564281207,0.000256693935922]]}},
{"type":"Feature","properties":{"OID_":0,"起点经":113.396226,"起点纬":24.209769,"起点年":"现代","终点经":112.9002508,"终点纬":24.6097831,"Shape_Leng":0.637116010565},"geometry":{"type":"LineString","coordinates":[[105.000890926434366,0.000250330537536],[105.000887030296425,0.000254466686257]]}},
{"type":"Feature","properties":{"OID_":0,"起点经":113.049631,"起点纬":23.682684,"起点年":"明","终点经":112.890091,"终点纬":24.60541,"Shape_Leng":0.93638429125199996},"geometry":{"type":"LineString","coordinates":[[105.000888203245196,0.00024488021995],[105.000886950157195,0.000254421190067]]}},
{"type":"Feature","properties":{"OID_":0,"起点经":119.291596,"起点纬":26.077379,"起点年":"明","终点经":113.344293,"终点纬":24.819148,"Shape_Leng":6.07895518645},"geometry":{"type":"LineString","coordinates":[[105.000937245300491,0.000269641439189],[105.0008905187116,0.00025663086091]]}},
{"type":"Feature","properties":{"OID_":0,"起点经":119.291596,"起点纬":26.077379,"起点年":"清","终点经":113.362435,"终点纬":24.820838,"Shape_Leng":6.06089566091},"geometry":{"type":"LineString","coordinates":[[105.000937245300491,0.000269641439189],[105.000890660919012,0.000256648437657]]}},
{"type":"Feature","properties":{"OID_":0,"起点经":119.291596,"起点纬":26.077379,"起点年":"明","终点经":113.356833,"终点纬":24.798425,"Shape_Leng":6.0710536176499996},"geometry":{"type":"LineString","coordinates":[[105.000937245300491,0.000269641439189],[105.000890616919605,0.000256416816425]]}},
{"type":"Feature","properties":{"OID_":0,"起点经":119.291596,"起点纬":26.077379,"起点年":"清","终点经":113.39327,"终点纬":24.839342,"Shape_Leng":6.0268428296899996},"geometry":{"type":"LineString","coordinates":[[105.000937245300491,0.000269641439189],[105.000890903694142,0.000256839729547]]}},
{"type":"Feature","properties":{"OID_":0,"起点经":119.291596,"起点纬":26.077379,"起点年":"清","终点经":113.37376,"终点纬":24.845063,"Shape_Leng":6.0447431832899996},"geometry":{"type":"LineString","coordinates":[[105.000937245300491,0.000269641439189],[105.000890750487756,0.000256899704831]]}},
{"type":"Feature","properties":{"OID_":0,"起点经":119.291596,"起点纬":26.077379,"起点年":"清","终点经":113.361759,"终点纬":24.839228,"Shape_Leng":6.0576948816699998},"geometry":{"type":"LineString","coordinates":[[105.000937245300491,0.000269641439189],[105.000890656206252,0.000256838698457]]}},
{"type":"Feature","properties":{"OID_":0,"起点经":119.291596,"起点纬":26.077379,"起点年":"宋","终点经":113.374947,"终点纬":24.836488,"Shape_Leng":6.0454256856299997},"geometry":{"type":"LineString","coordinates":[[105.000937245300491,0.000269641439189],[105.000890759129589,0.000256810778527]]}},
{"type":"Feature","properties":{"OID_":0,"起点经":113.396226,"起点纬":24.209769,"起点年":null,"终点经":112.901692,"终点纬":24.614746,"Shape_Leng":0.63911991020799996},"geometry":{"type":"LineString","coordinates":[[105.000890926434366,0.000250330537536],[105.000887041296252,0.000254517353377]]}},
{"type":"Feature","properties":{"OID_":0,"起点经":113.25783,"起点纬":23.133245,"起点年":"清","终点经":113.249864,"终点纬":24.969511,"Shape_Leng":1.8363169929600001},"geometry":{"type":"LineString","coordinates":[[105.000889838983326,0.000239198228978],[105.000889777044222,0.000258186044248]]}},
{"type":"Feature","properties":{"OID_":0,"起点经":113.25783,"起点纬":23.133245,"起点年":"清","终点经":113.254007,"终点纬":24.992974,"Shape_Leng":1.85980388188},"geometry":{"type":"LineString","coordinates":[[105.000889838983326,0.000239198228978],[105.000889809258595,0.000258429039885]]}},
{"type":"Feature","properties":{"OID_":0,"起点经":113.25783,"起点纬":23.133245,"起点年":"明","终点经":113.134582,"终点纬":25.058388,"Shape_Leng":1.9291379635300001},"geometry":{"type":"LineString","coordinates":[[105.000889838983326,0.000239198228978],[105.000888871166296,0.000259105303755]]}},
{"type":"Feature","properties":{"OID_":0,"起点经":113.25783,"起点纬":23.133245,"起点年":"明","终点经":113.129042,"终点纬":25.066219,"Shape_Leng":1.9372863600900001},"geometry":{"type":"LineString","coordinates":[[105.000889838983326,0.000239198228978],[105.000888827169007,0.000259185958268]]}},
{"type":"Feature","properties":{"OID_":0,"起点经":113.25783,"起点纬":23.133245,"起点年":"清","终点经":113.302379,"终点纬":24.940109,"Shape_Leng":1.8074503508},"geometry":{"type":"LineString","coordinates":[[105.000889838983326,0.000239198228978],[105.000890189521954,0.000257882035856]]}},
{"type":"Feature","properties":{"OID_":0,"起点经":113.25783,"起点纬":23.133245,"起点年":"民国","终点经":113.33452,"终点纬":24.947834,"Shape_Leng":1.8162202648100001},"geometry":{"type":"LineString","coordinates":[[105.000889838983326,0.000239198228978],[105.000890441724422,0.000257961652831]]}},
{"type":"Feature","properties":{"OID_":0,"起点经":113.25783,"起点纬":23.133245,"起点年":"明","终点经":113.3465864,"终点纬":24.9499362,"Shape_Leng":1.81886897022},"geometry":{"type":"LineString","coordinates":[[105.000889838983326,0.000239198228978],[105.000890536791331,0.000257983366246]]}},
{"type":"Feature","properties":{"OID_":0,"起点经":113.25783,"起点纬":23.133245,"起点年":"现代","终点经":113.1929788,"终点纬":24.8586111,"Shape_Leng":1.7266164020400001},"geometry":{"type":"LineString","coordinates":[[105.000889838983326,0.000239198228978],[105.000889329986904,0.000257039315066]]}},
{"type":"Feature","properties":{"OID_":0,"起点经":113.25783,"起点纬":23.133245,"起点年":"明","终点经":113.249792,"终点纬":24.942337,"Shape_Leng":1.80911768846},"geometry":{"type":"LineString","coordinates":[[105.000889838983326,0.000239198228978],[105.000889776256642,0.000257904789293]]}},
{"type":"Feature","properties":{"OID_":0,"起点经":113.396226,"起点纬":24.209769,"起点年":"民国","终点经":112.9133823,"终点纬":24.6169433,"Shape_Leng":0.63152691868099997},"geometry":{"type":"LineString","coordinates":[[105.000890926434366,0.000250330537536],[105.000887133220473,0.000254540100867]]}},
{"type":"Feature","properties":{"OID_":0,"起点经":113.25783,"起点纬":23.133245,"起点年":"现代","终点经":113.226065,"终点纬":24.828612,"Shape_Leng":1.69569633152},"geometry":{"type":"LineString","coordinates":[[105.000889838983326,0.000239198228978],[105.000889590043485,0.000256729104299]]}},
{"type":"Feature","properties":{"OID_":0,"起点经":113.25783,"起点纬":23.133245,"起点年":"清","终点经":113.408239,"终点纬":24.923613,"Shape_Leng":1.79670596381},"geometry":{"type":"LineString","coordinates":[[105.000889838983326,0.000239198228978],[105.000891020765778,0.000257711411798]]}},
{"type":"Feature","properties":{"OID_":0,"起点经":113.25783,"起点纬":23.133245,"起点年":"清","终点经":113.418053,"终点纬":24.975197,"Shape_Leng":1.84896189521},"geometry":{"type":"LineString","coordinates":[[105.000889838983326,0.000239198228978],[105.000891098551307,0.000258244968112]]}},
{"type":"Feature","properties":{"OID_":0,"起点经":113.25783,"起点纬":23.133245,"起点年":"民国","终点经":113.2690758,"终点纬":24.7107781,"Shape_Leng":1.5776404686600001},"geometry":{"type":"LineString","coordinates":[[105.000889838983326,0.000239198228978],[105.000889927875761,0.000255511018071]]}},
{"type":"Feature","properties":{"OID_":0,"起点经":113.25783,"起点纬":23.133245,"起点年":"明","终点经":113.294582,"终点纬":24.730733,"Shape_Leng":1.5979238061500001},"geometry":{"type":"LineString","coordinates":[[105.000889838983326,0.000239198228978],[105.000890128224484,0.000255716786814]]}},
{"type":"Feature","properties":{"OID_":0,"起点经":113.25783,"起点纬":23.133245,"起点年":"明","终点经":113.2818178,"终点纬":24.7195531,"Shape_Leng":1.5865815331099999},"geometry":{"type":"LineString","coordinates":[[105.000889838983326,0.000239198228978],[105.000890027657235,0.000255602011161]]}},
{"type":"Feature","properties":{"OID_":0,"起点经":113.25783,"起点纬":23.133245,"起点年":"民国","终点经":113.2364978,"终点纬":24.7421691,"Shape_Leng":1.60914097912},"geometry":{"type":"LineString","coordinates":[[105.000889838983326,0.000239198228978],[105.000889671747657,0.000255835705148]]}},
{"type":"Feature","properties":{"OID_":0,"起点经":113.25783,"起点纬":23.133245,"起点年":"明","终点经":113.3700788,"终点纬":24.7675331,"Shape_Leng":1.6381537716300001},"geometry":{"type":"LineString","coordinates":[[105.000889838983326,0.000239198228978],[105.00089072141229,0.000256097301245]]}},
{"type":"Feature","properties":{"OID_":0,"起点经":113.25783,"起点纬":23.133245,"起点年":"明","终点经":113.349384,"终点纬":24.721631,"Shape_Leng":1.5910390060499999},"geometry":{"type":"LineString","coordinates":[[105.000889838983326,0.000239198228978],[105.000890558774159,0.000255622685385]]}},
{"type":"Feature","properties":{"OID_":0,"起点经":113.25783,"起点纬":23.133245,"起点年":"清","终点经":113.3408,"终点纬":24.826334,"Shape_Leng":1.6951332127000001},"geometry":{"type":"LineString","coordinates":[[105.000889838983326,0.000239198228978],[105.000890491213426,0.00025670531106]]}},
{"type":"Feature","properties":{"OID_":0,"起点经":113.25783,"起点纬":23.133245,"起点年":"现代","终点经":113.3551038,"终点纬":24.8296361,"Shape_Leng":1.6991881145500001},"geometry":{"type":"LineString","coordinates":[[105.000889838983326,0.000239198228978],[105.000890603565296,0.000256739432589]]}},
{"type":"Feature","properties":{"OID_":0,"起点经":112.036913,"起点纬":22.920269,"起点年":"清","终点经":113.409612,"终点纬":24.980202,"Shape_Leng":2.4753774064999998},"geometry":{"type":"LineString","coordinates":[[105.000880246654177,0.00023699690058],[105.000891031769228,0.000258296670184]]}},
{"type":"Feature","properties":{"OID_":0,"起点经":112.036913,"起点纬":22.920269,"起点年":"民国","终点经":113.401277,"终点纬":25.006059,"Shape_Leng":2.49241830285},"geometry":{"type":"LineString","coordinates":[[105.000880246654177,0.00023699690058],[105.00089096655995,0.000258564483593]]}},
{"type":"Feature","properties":{"OID_":0,"起点经":116.623359,"起点纬":23.675072,"起点年":"明","终点经":113.124466,"终点纬":24.943921,"Shape_Leng":3.72184828435},"geometry":{"type":"LineString","coordinates":[[105.000916281723079,0.00024480129817],[105.000888791804982,0.000257921345315]]}},
{"type":"Feature","properties":{"OID_":0,"起点经":116.623359,"起点纬":23.675072,"起点年":"清","终点经":113.126057,"终点纬":24.944113,"Shape_Leng":3.72041238088},"geometry":{"type":"LineString","coordinates":[[105.000916281723079,0.00024480129817],[105.000888804375819,0.000257923413211]]}},
{"type":"Feature","properties":{"OID_":0,"起点经":116.623359,"起点纬":23.675072,"起点年":"清","终点经":113.093055,"终点纬":24.943029,"Shape_Leng":3.7510783106300001},"geometry":{"type":"LineString","coordinates":[[105.000916281723079,0.00024480129817],[105.00088854510274,0.000257912041979]]}},
{"type":"Feature","properties":{"OID_":0,"起点经":116.623359,"起点纬":23.675072,"起点年":"清","终点经":113.1274228,"终点纬":24.9480581,"Shape_Leng":3.72055708134},"geometry":{"type":"LineString","coordinates":[[105.000916281723079,0.00024480129817],[105.000888814589899,0.000257964774098]]}},
{"type":"Feature","properties":{"OID_":0,"起点经":108.362164,"起点纬":22.820278,"起点年":null,"终点经":112.9115538,"终点纬":24.6117281,"Shape_Leng":4.8893920212699999},"geometry":{"type":"LineString","coordinates":[[105.000851375423949,0.000235963206087],[105.00088711907793,0.000254486331721]]}},
{"type":"Feature","properties":{"OID_":0,"起点经":113.619318,"起点纬":34.747521,"起点年":"元","终点经":113.276834,"终点纬":24.772335,"Shape_Leng":9.9810781620300002},"geometry":{"type":"LineString","coordinates":[[105.000892680021352,0.000359292999676],[105.000889988377125,0.000256146943134]]}},
{"type":"Feature","properties":{"OID_":0,"起点经":113.619318,"起点纬":34.747521,"起点年":"清","终点经":113.276337,"终点纬":24.773816,"Shape_Leng":9.9795962188300003},"geometry":{"type":"LineString","coordinates":[[105.000892680021352,0.000359292999676],[105.000889984448847,0.000256162453584]]}},
{"type":"Feature","properties":{"OID_":0,"起点经":113.396226,"起点纬":24.209769,"起点年":null,"终点经":113.300452,"终点纬":24.725398,"Shape_Leng":0.52440618747699996},"geometry":{"type":"LineString","coordinates":[[105.000890926434366,0.000250330537536],[105.000890174579013,0.000255661982916]]}},
{"type":"Feature","properties":{"OID_":0,"起点经":113.396226,"起点纬":24.209769,"起点年":"现代","终点经":113.2962698,"终点纬":24.7217581,"Shape_Leng":0.52165506809200002},"geometry":{"type":"LineString","coordinates":[[105.000890926434366,0.000250330537536],[105.000890141580371,0.000255624758395]]}},
{"type":"Feature","properties":{"OID_":0,"起点经":113.396226,"起点纬":24.209769,"起点年":"民国","终点经":113.2997038,"终点纬":24.7436031,"Shape_Leng":0.54245247691300003},"geometry":{"type":"LineString","coordinates":[[105.000890926434366,0.000250330537536],[105.000890168294873,0.000255850175654]]}},
{"type":"Feature","properties":{"OID_":0,"起点经":112.933449,"起点纬":28.231788,"起点年":"明","终点经":113.305378,"终点纬":24.992293,"Shape_Leng":3.2607888998200001},"geometry":{"type":"LineString","coordinates":[[105.000887290609441,0.000291919088239],[105.0008902130959,0.000258421796964]]}},
{"type":"Feature","properties":{"OID_":0,"起点经":112.933449,"起点纬":28.231788,"起点年":"明","终点经":113.138199,"终点纬":24.545091,"Shape_Leng":3.6923840445699998},"geometry":{"type":"LineString","coordinates":[[105.000887290609441,0.000291919088239],[105.00088889941452,0.000253797649617]]}},
{"type":"Feature","properties":{"OID_":0,"起点经":112.933449,"起点纬":28.231788,"起点年":"明","终点经":113.252383,"终点纬":24.917488,"Shape_Leng":3.32961641742},"geometry":{"type":"LineString","coordinates":[[105.000887290609441,0.000291919088239],[105.000889796682472,0.00025764835069]]}},
{"type":"Feature","properties":{"OID_":0,"起点经":112.933449,"起点纬":28.231788,"起点年":"明","终点经":113.262943,"终点纬":24.917874,"Shape_Leng":3.3302407511899998},"geometry":{"type":"LineString","coordinates":[[105.000887290609441,0.000291919088239],[105.000889879178445,0.000257652485814]]}},
{"type":"Feature","properties":{"OID_":0,"起点经":112.933449,"起点纬":28.231788,"起点年":"明","终点经":113.253033,"终点纬":24.912514,"Shape_Leng":3.3346509040600001},"geometry":{"type":"LineString","coordinates":[[105.000887290609441,0.000291919088239],[105.00088980139617,0.000257596649339]]}},
{"type":"Feature","properties":{"OID_":0,"起点经":112.933449,"起点纬":28.231788,"起点年":"清","终点经":113.163178,"终点纬":24.725733,"Shape_Leng":3.5136228095500002},"geometry":{"type":"LineString","coordinates":[[105.000887290609441,0.000291919088239],[105.000889095846162,0.000255665097703]]}},
{"type":"Feature","properties":{"OID_":0,"起点经":112.933449,"起点纬":28.231788,"起点年":"清","终点经":113.1847288,"终点纬":24.7367641,"Shape_Leng":3.5040229295200001},"geometry":{"type":"LineString","coordinates":[[105.000887290609441,0.000291919088239],[105.000889264767252,0.000255779872557]]}},
{"type":"Feature","properties":{"OID_":0,"起点经":113.396226,"起点纬":24.209769,"起点年":"民国","终点经":113.3000088,"终点纬":24.7429891,"Shape_Leng":0.54180871120899998},"geometry":{"type":"LineString","coordinates":[[105.000890926434366,0.000250330537536],[105.000890170651857,0.000255843971469]]}},
{"type":"Feature","properties":{"OID_":0,"起点经":112.933449,"起点纬":28.231788,"起点年":"清","终点经":113.429577,"终点纬":24.928248,"Shape_Leng":3.3406567319099998},"geometry":{"type":"LineString","coordinates":[[105.000887290609441,0.000291919088239],[105.000891188900724,0.000257758974984]]}},
{"type":"Feature","properties":{"OID_":0,"起点经":112.933449,"起点纬":28.231788,"起点年":"清","终点经":113.410074,"终点纬":24.937736,"Shape_Leng":3.3284136918199998},"geometry":{"type":"LineString","coordinates":[[105.000887290609441,0.000291919088239],[105.000891035694622,0.000257857209252]]}},
{"type":"Feature","properties":{"OID_":0,"起点经":113.396226,"起点纬":24.209769,"起点年":"现代","终点经":113.3253788,"终点纬":24.7923141,"Shape_Leng":0.58678692031799995},"geometry":{"type":"LineString","coordinates":[[105.000890926434366,0.000250330537536],[105.000890370216965,0.000256353743776]]}},
{"type":"Feature","properties":{"OID_":0,"起点经":113.396226,"起点纬":24.209769,"起点年":"明","终点经":113.315255,"终点纬":24.760701,"Shape_Leng":0.55680842354399995},"geometry":{"type":"LineString","coordinates":[[105.000890926434366,0.000250330537536],[105.000890290861491,0.00025602699261]]}},
{"type":"Feature","properties":{"OID_":0,"起点经":115.853051,"起点纬":28.686336,"起点年":"明","终点经":113.419386,"终点纬":24.947182,"Shape_Leng":4.4613635261500004},"geometry":{"type":"LineString","coordinates":[[105.00091023002409,0.000296618460251],[105.000891108763113,0.000257955440834]]}},
{"type":"Feature","properties":{"OID_":0,"起点经":115.853051,"起点纬":28.686336,"起点年":"明","终点经":113.4147538,"终点纬":24.9294941,"Shape_Leng":4.4787111031800002},"geometry":{"type":"LineString","coordinates":[[105.00091023002409,0.000296618460251],[105.000891072620789,0.000257772418683]]}},
{"type":"Feature","properties":{"OID_":0,"起点经":115.853051,"起点纬":28.686336,"起点年":"明","终点经":113.413247,"终点纬":24.913037,"Shape_Leng":4.4934290825599996},"geometry":{"type":"LineString","coordinates":[[105.00091023002409,0.000296618460251],[105.000891060048801,0.000257601804612]]}},
{"type":"Feature","properties":{"OID_":0,"起点经":113.049631,"起点纬":23.682684,"起点年":"民国","终点经":113.26188,"终点纬":24.702102,"Shape_Leng":1.0412721309399999},"geometry":{"type":"LineString","coordinates":[[105.000888203245196,0.00024488021995],[105.000889871306498,0.000255421058514]]}},
{"type":"Feature","properties":{"OID_":0,"起点经":115.853051,"起点纬":28.686336,"起点年":"明","终点经":113.4174228,"终点纬":24.9180191,"Shape_Leng":4.4869498993499999},"geometry":{"type":"LineString","coordinates":[[105.00091023002409,0.000296618460251],[105.000891093047542,0.000257653505497]]}},
{"type":"Feature","properties":{"OID_":0,"起点经":115.853051,"起点纬":28.686336,"起点年":"明","终点经":113.4135258,"终点纬":24.9298751,"Shape_Leng":4.4790835147500001},"geometry":{"type":"LineString","coordinates":[[105.00091023002409,0.000296618460251],[105.000891062407035,0.000257776554917]]}},
{"type":"Feature","properties":{"OID_":0,"起点经":115.853051,"起点纬":28.686336,"起点年":"明","终点经":113.4247648,"终点纬":24.9285311,"Shape_Leng":4.47411463107},"geometry":{"type":"LineString","coordinates":[[105.00091023002409,0.000296618460251],[105.000891151188313,0.00025776207752]]}},
{"type":"Feature","properties":{"OID_":0,"起点经":113.344293,"起点纬":24.819148,"起点年":"清","终点经":113.3451678,"终点纬":24.8233581,"Shape_Leng":0.0043931759754399996},"geometry":{"type":"LineString","coordinates":[[105.0008905187116,0.00025663086091],[105.00089052578295,0.000256675323934]]}},
{"type":"Feature","properties":{"OID_":0,"起点经":115.853051,"起点纬":28.686336,"起点年":"明","终点经":113.4275038,"终点纬":24.9181281,"Shape_Leng":4.4813911473300001},"geometry":{"type":"LineString","coordinates":[[105.00091023002409,0.000296618460251],[105.000891172400799,0.000257654538618]]}},
{"type":"Feature","properties":{"OID_":0,"起点经":115.853051,"起点纬":28.686336,"起点年":"清","终点经":113.409679,"终点纬":24.969689,"Shape_Leng":4.4478443244100001},"geometry":{"type":"LineString","coordinates":[[105.00091023002409,0.000296618460251],[105.000891032554151,0.000258188097473]]}},
{"type":"Feature","properties":{"OID_":0,"起点经":115.853051,"起点纬":28.686336,"起点年":"清","终点经":113.412157,"终点纬":24.992941,"Shape_Leng":4.4270979636599996},"geometry":{"type":"LineString","coordinates":[[105.00091023002409,0.000296618460251],[105.000891052197687,0.000258427991207]]}},
{"type":"Feature","properties":{"OID_":0,"起点经":113.049631,"起点纬":23.682684,"起点年":"民国","终点经":113.2983205,"终点纬":24.7642404,"Shape_Leng":1.10972696681},"geometry":{"type":"LineString","coordinates":[[105.000888203245196,0.00024488021995],[105.000890157296865,0.000256063185075]]}},
{"type":"Feature","properties":{"OID_":0,"起点经":115.853051,"起点纬":28.686336,"起点年":"明","终点经":113.435446,"终点纬":24.924002,"Shape_Leng":4.47215547409},"geometry":{"type":"LineString","coordinates":[[105.00091023002409,0.000296618460251],[105.000891234469634,0.000257715545369]]}},
{"type":"Feature","properties":{"OID_":0,"起点经":113.245744,"起点纬":24.931886,"起点年":"现代","终点经":113.365247,"终点纬":24.817795,"Shape_Leng":0.16522427177},"geometry":{"type":"LineString","coordinates":[[105.000889744043221,0.00025779725099],[105.000890682917742,0.000256617416634]]}},
{"type":"Feature","properties":{"OID_":0,"起点经":115.853051,"起点纬":28.686336,"起点年":"清","终点经":113.444231,"终点纬":24.926687,"Shape_Leng":4.4651306111000002},"geometry":{"type":"LineString","coordinates":[[105.00091023002409,0.000296618460251],[105.000891303609293,0.000257743463268]]}},
{"type":"Feature","properties":{"OID_":0,"起点经":115.853051,"起点纬":28.686336,"起点年":"明","终点经":113.43247,"终点纬":24.992512,"Shape_Leng":4.4162725014699999},"geometry":{"type":"LineString","coordinates":[[105.00091023002409,0.000296618460251],[105.000891211689847,0.000258423853241]]}},
{"type":"Feature","properties":{"OID_":0,"起点经":115.853051,"起点纬":28.686336,"起点年":"明","终点经":113.0349368,"终点纬":24.6785441,"Shape_Leng":4.8994603883699996},"geometry":{"type":"LineString","coordinates":[[105.00091023002409,0.000296618460251],[105.00088808782084,0.000255177049441]]}},
{"type":"Feature","properties":{"OID_":0,"起点经":115.853051,"起点纬":28.686336,"起点年":"元","终点经":113.25747,"终点纬":24.711131,"Shape_Leng":4.7475629969100002},"geometry":{"type":"LineString","coordinates":[[105.00091023002409,0.000296618460251],[105.0008898367374,0.000255514121218]]}},
{"type":"Feature","properties":{"OID_":0,"起点经":115.853051,"起点纬":28.686336,"起点年":"宋","终点经":113.3033118,"终点纬":24.7485001,"Shape_Leng":4.69124172143},"geometry":{"type":"LineString","coordinates":[[105.00091023002409,0.000296618460251],[105.000890196579547,0.000255900842574]]}},
{"type":"Feature","properties":{"OID_":0,"起点经":115.853051,"起点纬":28.686336,"起点年":"民国","终点经":113.3099588,"终点纬":24.7430471,"Shape_Leng":4.6922246876199996},"geometry":{"type":"LineString","coordinates":[[105.00091023002409,0.000296618460251],[105.00089024921941,0.000255843970526]]}},
{"type":"Feature","properties":{"OID_":0,"起点经":113.049631,"起点纬":23.682684,"起点年":"现代","终点经":113.340574,"终点纬":24.825313,"Shape_Leng":1.17907411059},"geometry":{"type":"LineString","coordinates":[[105.000888203245196,0.00024488021995],[105.000890489642003,0.000256694970841]]}},
{"type":"Feature","properties":{"OID_":0,"起点经":115.853051,"起点纬":28.686336,"起点年":"唐","终点经":113.2802608,"终点纬":24.7860019,"Shape_Leng":4.6724340492199996},"geometry":{"type":"LineString","coordinates":[[105.00091023002409,0.000296618460251],[105.000890015876749,0.000256288604353]]}},
{"type":"Feature","properties":{"OID_":0,"起点经":113.302379,"起点纬":24.940109,"起点年":"现代","终点经":113.3500568,"终点纬":24.8037331,"Shape_Leng":0.144499999873},"geometry":{"type":"LineString","coordinates":[[105.000890189521954,0.000257882035856],[105.000890564279686,0.000256471620423]]}},
{"type":"Feature","properties":{"OID_":0,"起点经":113.049631,"起点纬":23.682684,"起点年":"现代","终点经":113.356806,"终点纬":24.829968,"Shape_Leng":1.18771593005},"geometry":{"type":"LineString","coordinates":[[105.000888203245196,0.00024488021995],[105.000890616921836,0.000256743568523]]}},
{"type":"Feature","properties":{"OID_":0,"起点经":113.396226,"起点纬":24.209769,"起点年":"清","终点经":113.356497,"终点纬":24.810115,"Shape_Leng":0.60161131985399996},"geometry":{"type":"LineString","coordinates":[[105.000890926434366,0.000250330537536],[105.000890614563389,0.000256537797451]]}},
{"type":"Feature","properties":{"OID_":0,"起点经":113.396226,"起点纬":24.209769,"起点年":"清","终点经":113.3957038,"终点纬":24.8557331,"Shape_Leng":0.64590019341600002},"geometry":{"type":"LineString","coordinates":[[105.000890926434366,0.000250330537536],[105.00089092255152,0.000257009309531]]}},
{"type":"Feature","properties":{"OID_":0,"起点经":111.530291,"起点纬":23.237317,"起点年":"清","终点经":113.4195642,"终点纬":24.9556918,"Shape_Leng":2.5538897878600002},"geometry":{"type":"LineString","coordinates":[[105.000876266443257,0.000240274808729],[105.000891110335061,0.000258043332952]]}},
{"type":"Feature","properties":{"OID_":0,"起点经":113.3909258,"起点纬":24.8533141,"起点年":"民国","终点经":113.391056,"终点纬":24.843684,"Shape_Leng":0.00960208262501},"geometry":{"type":"LineString","coordinates":[[105.00089088483891,0.000256984493358],[105.000890886409593,0.00025688522688]]}},
{"type":"Feature","properties":{"OID_":0,"起点经":113.3097118,"起点纬":24.7709391,"起点年":"清","终点经":113.393839,"终点纬":24.854712,"Shape_Leng":0.118723418572},"geometry":{"type":"LineString","coordinates":[[105.000890246864373,0.000256132463729],[105.000890907623614,0.000256998969456]]}},
{"type":"Feature","properties":{"OID_":0,"起点经":115.853051,"起点纬":28.686336,"起点年":"宋","终点经":113.2802608,"终点纬":24.7860019,"Shape_Leng":4.6724340492199996},"geometry":{"type":"LineString","coordinates":[[105.00091023002409,0.000296618460251],[105.000890015876749,0.000256288604353]]}},
{"type":"Feature","properties":{"OID_":0,"起点经":113.049631,"起点纬":23.682684,"起点年":"民国","终点经":113.36328,"终点纬":24.844072,"Shape_Leng":1.20302022013},"geometry":{"type":"LineString","coordinates":[[105.000888203245196,0.00024488021995],[105.00089066799174,0.000256889365555]]}},
{"type":"Feature","properties":{"OID_":0,"起点经":115.853051,"起点纬":28.686336,"起点年":"唐","终点经":113.2802608,"终点纬":24.7860019,"Shape_Leng":4.6724340492199996},"geometry":{"type":"LineString","coordinates":[[105.00091023002409,0.000296618460251],[105.000890015876749,0.000256288604353]]}},
{"type":"Feature","properties":{"OID_":0,"起点经":115.853051,"起点纬":28.686336,"起点年":"唐","终点经":113.2802608,"终点纬":24.7860019,"Shape_Leng":4.6724340492199996},"geometry":{"type":"LineString","coordinates":[[105.00091023002409,0.000296618460251],[105.000890015876749,0.000256288604353]]}},
{"type":"Feature","properties":{"OID_":0,"起点经":113.380926,"起点纬":24.858614,"起点年":"明","终点经":113.382647,"终点纬":24.867445,"Shape_Leng":0.0089627002446300008},"geometry":{"type":"LineString","coordinates":[[105.000890806271698,0.000257039297656],[105.000890819628793,0.000257130291755]]}},
{"type":"Feature","properties":{"OID_":0,"起点经":115.853051,"起点纬":28.686336,"起点年":"唐","终点经":113.2802608,"终点纬":24.7860019,"Shape_Leng":4.6724340492199996},"geometry":{"type":"LineString","coordinates":[[105.00091023002409,0.000296618460251],[105.000890015876749,0.000256288604353]]}},
{"type":"Feature","properties":{"OID_":0,"起点经":113.049631,"起点纬":23.682684,"起点年":"清","终点经":113.383595,"终点纬":24.845957,"Shape_Leng":1.21029867783},"geometry":{"type":"LineString","coordinates":[[105.000888203245196,0.00024488021995],[105.000890827484056,0.000256909010165]]}},
{"type":"Feature","properties":{"OID_":0,"起点经":113.049631,"起点纬":23.682684,"起点年":"民国","终点经":113.364377,"终点纬":24.845103,"Shape_Leng":1.2042727258599999},"geometry":{"type":"LineString","coordinates":[[105.000888203245196,0.00024488021995],[105.000890676634242,0.000256899705697]]}},
{"type":"Feature","properties":{"OID_":0,"起点经":113.157196,"起点纬":24.976788,"起点年":"清","终点经":113.374266,"终点纬":24.853848,"Shape_Leng":0.24952236241199999},"geometry":{"type":"LineString","coordinates":[[105.000889048723309,0.000258261536729],[105.000890754416758,0.000256989665021]]}},
{"type":"Feature","properties":{"OID_":0,"起点经":113.592121,"起点纬":24.814152,"起点年":"清","终点经":113.06784,"终点纬":24.956062,"Shape_Leng":0.54316304898000001},"geometry":{"type":"LineString","coordinates":[[105.000892465615806,0.000256580170653],[105.000888346327699,0.000258047501677]]}},
{"type":"Feature","properties":{"OID_":0,"起点经":115.853051,"起点纬":28.686336,"起点年":"宋","终点经":113.2802608,"终点纬":24.7860019,"Shape_Leng":4.6724340492199996},"geometry":{"type":"LineString","coordinates":[[105.00091023002409,0.000296618460251],[105.000890015876749,0.000256288604353]]}},
{"type":"Feature","properties":{"OID_":0,"起点经":113.592121,"起点纬":24.814152,"起点年":"清","终点经":113.154461,"终点纬":24.98142,"Shape_Leng":0.46845447828999998},"geometry":{"type":"LineString","coordinates":[[105.000892465615806,0.000256580170653],[105.000889027510368,0.000258309102145]]}},
{"type":"Feature","properties":{"OID_":0,"起点经":115.541199,"起点纬":28.058066,"起点年":"明","终点经":113.294497,"终点纬":24.919301,"Shape_Leng":3.8600163638399998},"geometry":{"type":"LineString","coordinates":[[105.000907779455446,0.000290122742354],[105.000890127452109,0.000257666959238]]}},
{"type":"Feature","properties":{"OID_":0,"起点经":115.853051,"起点纬":28.686336,"起点年":"唐","终点经":113.2802608,"终点纬":24.7860019,"Shape_Leng":4.6724340492199996},"geometry":{"type":"LineString","coordinates":[[105.00091023002409,0.000296618460251],[105.000890015876749,0.000256288604353]]}},
{"type":"Feature","properties":{"OID_":0,"起点经":115.853051,"起点纬":28.686336,"起点年":"明","终点经":113.3670678,"终点纬":24.7665191,"Shape_Leng":4.6416622075699996},"geometry":{"type":"LineString","coordinates":[[105.00091023002409,0.000296618460251],[105.000890697841953,0.00025608696127]]}},
{"type":"Feature","properties":{"OID_":0,"起点经":115.853051,"起点纬":28.686336,"起点年":"明","终点经":113.3658678,"终点纬":24.7697831,"Shape_Leng":4.6395189521900004},"geometry":{"type":"LineString","coordinates":[[105.00091023002409,0.000296618460251],[105.00089068841406,0.000256121084241]]}},
{"type":"Feature","properties":{"OID_":0,"起点经":115.853051,"起点纬":28.686336,"起点年":null,"终点经":113.3783318,"终点纬":24.7579251,"Shape_Leng":4.6429475135300002},"geometry":{"type":"LineString","coordinates":[[105.00091023002409,0.000296618460251],[105.000890785837043,0.000255998034022]]}},
{"type":"Feature","properties":{"OID_":0,"起点经":115.541199,"起点纬":28.058066,"起点年":"清","终点经":113.386828,"终点纬":25.036164,"Shape_Leng":3.71124224214},"geometry":{"type":"LineString","coordinates":[[105.000907779455446,0.000290122742354],[105.000890852639088,0.000258875726671]]}},
{"type":"Feature","properties":{"OID_":0,"起点经":115.541199,"起点纬":28.058066,"起点年":"唐","终点经":113.2802608,"终点纬":24.7860019,"Shape_Leng":3.9772235575899999},"geometry":{"type":"LineString","coordinates":[[105.000907779455446,0.000290122742354],[105.000890015876749,0.000256288604353]]}},
{"type":"Feature","properties":{"OID_":0,"起点经":116.352539,"起点纬":25.83714,"起点年":"明","终点经":113.1829198,"终点纬":24.9730501,"Shape_Leng":3.2852488721799999},"geometry":{"type":"LineString","coordinates":[[105.000914153484004,0.000267156959086],[105.00088925064172,0.000258223275381]]}},
{"type":"Feature","properties":{"OID_":0,"起点经":113.407852,"起点纬":24.812506,"起点年":"现代","终点经":113.402262,"终点纬":24.8119412,"Shape_Leng":0.0056320527802699999},"geometry":{"type":"LineString","coordinates":[[105.000891018400921,0.000256562609318],[105.000890974403035,0.000256556405666]]}},
{"type":"Feature","properties":{"OID_":0,"起点经":116.352539,"起点纬":25.83714,"起点年":"明","终点经":113.147107,"终点纬":25.064843,"Shape_Leng":3.2971254805700001},"geometry":{"type":"LineString","coordinates":[[105.000914153484004,0.000267156959086],[105.000888969376248,0.000259171480228]]}},
{"type":"Feature","properties":{"OID_":0,"起点经":113.3408,"起点纬":24.826334,"起点年":null,"终点经":113.39826,"终点纬":24.800834,"Shape_Leng":0.062900716177400007},"geometry":{"type":"LineString","coordinates":[[105.000890491213426,0.00025670531106],[105.000890942975204,0.000256441629192]]}},
{"type":"Feature","properties":{"OID_":0,"起点经":113.592121,"起点纬":24.814152,"起点年":"宋","终点经":113.3053364,"终点纬":24.7340564,"Shape_Leng":0.29777549985899998},"geometry":{"type":"LineString","coordinates":[[105.000892465615806,0.000256580170653],[105.000890212292049,0.000255751942695]]}},
{"type":"Feature","properties":{"OID_":0,"起点经":115.853051,"起点纬":28.686336,"起点年":"明","终点经":113.3552338,"终点纬":24.7578941,"Shape_Leng":4.6553013847500004},"geometry":{"type":"LineString","coordinates":[[105.00091023002409,0.000296618460251],[105.000890604345926,0.000255998036186]]}},
{"type":"Feature","properties":{"OID_":0,"起点经":113.592121,"起点纬":24.814152,"起点年":"清","终点经":113.394034,"终点纬":24.840502,"Shape_Leng":0.19983818146499999},"geometry":{"type":"LineString","coordinates":[[105.000892465615806,0.000256580170653],[105.000890909193956,0.000256852137783]]}},
{"type":"Feature","properties":{"OID_":0,"起点经":113.592121,"起点纬":24.814152,"起点年":"清","终点经":113.390616,"终点纬":24.828807,"Shape_Leng":0.202028239198},"geometry":{"type":"LineString","coordinates":[[105.000892465615806,0.000256580170653],[105.000890882480149,0.000256731157113]]}},
{"type":"Feature","properties":{"OID_":0,"起点经":113.282505,"起点纬":24.955585,"起点年":"现代","终点经":113.371827,"终点纬":24.826105,"Shape_Leng":0.15730461044800001},"geometry":{"type":"LineString","coordinates":[[105.000890033173562,0.000258042311682],[105.000890734772923,0.000256703240157]]}},
{"type":"Feature","properties":{"OID_":0,"起点经":116.352539,"起点纬":25.83714,"起点年":"宋","终点经":113.0793178,"终点纬":24.6988251,"Shape_Leng":3.4654819456100001},"geometry":{"type":"LineString","coordinates":[[105.000914153484004,0.000267156959086],[105.000888436662322,0.000255386952575]]}},
{"type":"Feature","properties":{"OID_":0,"起点经":115.853051,"起点纬":28.686336,"起点年":"明","终点经":113.382647,"终点纬":24.867445,"Shape_Leng":4.5483367817099998},"geometry":{"type":"LineString","coordinates":[[105.00091023002409,0.000296618460251],[105.000890819628793,0.000257130291755]]}},
{"type":"Feature","properties":{"OID_":0,"起点经":115.853051,"起点纬":28.686336,"起点年":"明","终点经":113.371827,"终点纬":24.826105,"Shape_Leng":4.5888989671199996},"geometry":{"type":"LineString","coordinates":[[105.00091023002409,0.000296618460251],[105.000890734772923,0.000256703240157]]}},
{"type":"Feature","properties":{"OID_":0,"起点经":113.302379,"起点纬":24.940109,"起点年":"现代","终点经":113.384759,"终点纬":24.826295,"Shape_Leng":0.14049982113199999},"geometry":{"type":"LineString","coordinates":[[105.000890189521954,0.000257882035856],[105.00089083691077,0.000256705306976]]}},
{"type":"Feature","properties":{"OID_":0,"起点经":112.933449,"起点纬":28.231788,"起点年":"明","终点经":113.1530088,"终点纬":24.5435281,"Shape_Leng":3.6948316678199999},"geometry":{"type":"LineString","coordinates":[[105.000887290609441,0.000291919088239],[105.00088901569444,0.000253781103837]]}},
{"type":"Feature","properties":{"OID_":0,"起点经":111.512937,"起点纬":36.0883,"起点年":"唐","终点经":113.142247,"终点纬":24.942446,"Shape_Leng":11.264355521000001},"geometry":{"type":"LineString","coordinates":[[105.000876130626708,0.000373157398286],[105.000888930869507,0.0002579058333]]}}
]
}
